id;commune;code_dept
0;SAINT-ETIENNE-DU-BOIS;1
1;CHEVRY;1
2;DIVONNE-LES-BAINS;1
3;PERON;1
4;VALSERHONE;1
5;CULOZ;1
6;ST-GENIS-POUILLY;1
7;OYONNAX;1
8;ST-GERMAIN-DE-JOUX;1
9;GEX;1
10;AMBERIEU-EN-BUGEY;1
11;CESSY;1
12;SAULT-BRENAZ;1
13;FERNEY-VOLTAIRE;1
14;SEGNY;1
15;LAGNIEU;1
16;LE POIZAT-LALLEYRIAT;1
17;BELLEY;1
18;ORNEX;1
19;DORTAN;1
20;PREVESSIN-MOENS;1
21;BRENOD;1
22;SAINT-JEAN-LE-VIEUX;1
23;NANTUA;1
24;SAINT-DENIS-EN-BUGEY;1
25;THOIRY;1
26;BELLIGNAT;1
27;PLATEAU D'HAUTEVILLE;1
28;LELEX;1
29;VESANCY;1
30;IZERNORE;1
31;ECHENEVEX;1
32;VERSONNEX;1
33;SAINT-VULBAS;1
34;COLLONGES;1
35;CHAMPAGNE-EN-VALROMEY;1
36;JUJURIEUX;1
37;MATAFELON-GRANGES;1
38;HAUT-VALROMEY;1
39;ARBENT;1
40;LOYETTES;1
41;MIJOUX;1
42;SERGY;1
43;FARGES;1
44;CROZET;1
45;VILLARS-LES-DOMBES;1
46;MEXIMIEUX;1
47;MONTCEAUX;1
48;MONTLUEL;1
49;JASSANS-RIOTTIER;1
50;BEAUREGARD;1
51;DAGNEUX;1
52;MIONNAY;1
53;VILLIEU-LOYES-MOLLON;1
54;CHAUNY;2
55;LAON;2
56;LA FERE;2
57;URCEL;2
58;SAINT GOBAIN;2
59;TERGNIER;2
60;FOLEMBRAY;2
61;SAINT QUENTIN;2
62;SOISSONS;2
63;COURMELLES;2
64;VIC SUR AISNE;2
65;VILLERS-COTTERETS;2
66;LARGNY SUR AUTOMNE;2
67;NANTEUIL LA FOSSE;2
68;VAILLY-SUR-AISNE;2
69;COEUVRES ET VALSERY;2
70;BELLEU;2
71;CHATEAU THIERRY;2
72;FERE EN TARDENOIS;2
73;MOULINS;3
74;YZEURE;3
75;CUSSET;3
76;VICHY;3
77;SISTERON;4
78;RIEZ;4
79;ENCHASTRAYES;4
80;CHATEAU-ARNOUX-SAINT-AUBAN;4
81;DIGNE-LES-BAINS;4
82;MONTCLAR;4
83;ALLOS;4
84;CASTELLANE;4
85;JAUSIERS;4
86;LE LAUZET UBAYE;4
87;SEYNE;4
88;SAINTE CROIX DU VERDON;4
89;FAUCON-DE-BARCELONNETTE;4
90;BARCELONNETTE;4
91;GREOUX-LES-BAINS;4
92;SAINT-MARTIN-DE-BROMES;4
93;PEIPIN;4
94;VOLX;4
95;FORCALQUIER;4
96;SELONNET;4
97;MANOSQUE;4
98;UVERNET-FOURS;4
99;NOYERS-SUR-JABRON;4
100;PIERRERUE;4
101;ORAISON;4
102;L ESCALE;4
103;VILLENEUVE;4
104;VALENSOLE;4
105;VOLONNE;4
106;SAINTE-TULLE;4
107;SAINT-ETIENNE-LES-ORGUES;4
108;DEMANDOLX;4
109;BARREME;4
110;LARAGNE-MONTEGLIN;5
111;SAINT-MICHEL-DE-CHAILLOL;5
112;MONTGARDIN;5
113;VARS;5
114;EMBRUN;5
115;SAINT-SAUVEUR;5
116;BRIANCON;5
117;ORCIERES;5
118;VALLOUISE-PELVOUX;5
119;L'ARGENTIERE-LA-BESSEE;5
120;GAP;5
121;LE DEVOLUY;5
122;LA CHAPELLE-EN-VALGAUDEMAR;5
123;ABRIES-RISTOLAS;5
124;LA SALLE;5
125;VEYNES;5
126;ANCELLE;5
127;LES ORRES;5
128;SERRES;5
129;RISOUL;5
130;CHORGES;5
131;PUY SAINT VINCENT;5
132;SAINT-BONNET-EN-CHAMPSAUR;5
133;NEVACHE;5
134;LE MONETIER-LES-BAINS;5
135;LA BATIE NEUVE;5
136;GUILLESTRE;5
137;SAVINES-LE-LAC;5
138;MONTGENEVRE;5
139;LAYE;5
140;PUY-SANIERES;5
141;SAINT-CHAFFREY;5
142;NICE;6
143;NICE;6
144;NICE;6
145;SAINT-ANDRE DE LA ROCHE;6
146;LA TRINITE;6
147;FALICON;6
148;NICE;6
149;MENTON;6
150;ROQUEBRUNE CAP MARTIN;6
151;BEAUSOLEIL;6
152;LA BRIGUE;6
153;SAORGE;6
154;TENDE;6
155;SOSPEL;6
156;CASTELLAR;6
157;CASTILLON;6
158;GORBIO;6
159;MOULINET;6
160;BREIL-SUR-ROYA;6
161;SAINTE-AGNES;6
162;VILLEFRANCHE-SUR-MER;6
163;ISOLA;6
164;PEONE;6
165;VALDEBLORE;6
166;BEAULIEU SUR MER;6
167;PEILLON;6
168;DRAP;6
169;L'ESCARENE;6
170;CAP-D AIL;6
171;VILLARS-SUR-VAR;6
172;SAINT-MARTIN-VESUBIE;6
173;BENDEJUN;6
174;SAINT-ETIENNE-DE-TINEE;6
175;SAINT-MARTIN-DU-VAR;6
176;CONTES;6
177;LA TURBIE;6
178;GUILLAUMES;6
179;PEILLE;6
180;EZE;6
181;GILETTE;6
182;ROQUEBILLIERE;6
183;COLOMARS;6
184;SAINT-JEAN-CAP-FERRAT;6
185;LEVENS;6
186;BEUIL;6
187;BERRE-LES-ALPES;6
188;TOUDON;6
189;BLAUSASC;6
190;BELVEDERE;6
191;LUCERAM;6
192;LANTOSQUE;6
193;ASPREMONT;6
194;LA BOLLENE-VESUBIE;6
195;RIMPLAS;6
196;CANTARON;6
197;CLANS;6
198;LA ROQUETTE SUR VAR;6
199;UTELLE;6
200;PUGET-THENIERS;6
201;LE CANNET;6
202;MOUANS-SARTOUX;6
203;VALLAURIS;6
204;ANTIBES;6
205;ANTIBES;6
206;LA ROQUETTE SUR SIAGNE;6
207;MOUGINS;6
208;BIOT;6
209;CANNES;6
210;CANNES;6
211;MANDELIEU-LA-NAPOULE;6
212;GRASSE;6
213;PEGOMAS;6
214;THEOULE-SUR-MER;6
215;CARROS;6
216;VENCE;6
217;SAINT-CEZAIRE-SUR-SIAGNE;6
218;LE BROC;6
219;SAINT-VALLIER-DE-THIEY;6
220;LA GAUDE;6
221;LE BAR-SUR-LOUP;6
222;VALBONNE;6
223;GREOLIERES;6
224;PEYMEINADE;6
225;ANDON;6
226;CAGNES SUR MER;6
227;VILLENEUVE-LOUBET;6
228;SAINT LAURENT DU VAR;6
229;LA COLLE SUR LOUP;6
230;SAINT-PAUL-DE-VENCE;6
231;SAINT-JUST-D'ARDECHE;7
232;VALS-LES-BAINS;7
233;BOURG-SAINT-ANDEOL;7
234;GRAVIERES;7
235;SALAVAS;7
236;AUBENAS;7
237;LA-VOULTE-SUR-RHONE;7
238;PRIVAS;7
239;CHARMES-SUR-RHONE;7
240;VALLON PONT D'ARC;7
241;LABEGUDE;7
242;RUOMS;7
243;LANAS;7
244;SAINT-SERNIN;7
245;SAINT-GEORGES-LES-BAINS;7
246;VIVIERS;7
247;SAINT-MONTAN;7
248;ST JULIEN EN ST ALBAN;7
249;SAINT-MARTIN-D' ARDECHE;7
250;TOURNON-SUR-RHONE;7
251;SAINT-PERAY;7
252;GUILHERAND-GRANGES;7
253;ANNONAY;7
254;SARRAS;7
255;FELINES;7
256;SAINT-JEAN-DE-MUZOLS;7
257;DAVEZIEUX;7
258;CHARLEVILLE-MEZIERES;8
259;GIVET;8
260;SAINT-LAURENT;8
261;RETHEL;8
262;SEDAN;8
263;CARIGNAN;8
264;BALAN;8
265;BAZEILLES;8
266;USTOU;9
267;SAVERDUN;9
268;FOIX;9
269;SAINT-JEAN-DU-FALGA;9
270;LUZENAC;9
271;AX-LES-THERMES;9
272;MIREPOIX;9
273;LAVELANET;9
274;PAMIERS;9
275;DAUMAZAN-SUR-ARIZE;9
276;SAINTE SAVINE;10
277;ROSIERES PRES TROYES;10
278;ROMILLY SUR SEINE;10
279;SAINT JULIEN LES VILLAS;10
280;SAINT ANDRE LES VERGERS;10
281;TROYES;10
282;TRAINEL;10
283;LA CHAPELLE ST LUC;10
284;BAR SUR AUBE;10
285;PONTSAINTE MARIE;10
286;NOGENT SUR SEINE;10
287;LES NOES PRES TROYES;10
288;COLOMBE LA FOSSE;10
289;DIENVILLE;10
290;CARCASSONNE;11
291;CASTELNAUDARY;11
292;PEXIORA;11
293;TREBES;11
294;LAVALETTE;11
295;LIMOUX;11
296;RENNES LES BAINS;11
297;FITOU;11
298;SIGEAN;11
299;PORT-LA-NOUVELLE;11
300;GRUISSAN;11
301;LEUCATE;11
302;NARBONNE;11
303;VINASSAN;11
304;FLEURY D AUDE;11
305;BOUTENAC;11
306;PEYRIAC DE MER;11
307;BAGES;11
308;LEZIGNAN-CORBIERES;11
309;SALLES D AUDE;11
310;MOUSSAN;11
311;COURSAN;11
312;LE MONASTERE;12
313;MARSEILLE 2EME;13
314;MARSEILLE 4EME;13
315;MARSEILLE 1ER;13
316;MARSEILLE 16EME;13
317;MARSEILLE 15EME;13
318;MARSEILLE 3EME;13
319;MARSEILLE 14EME;13
320;MARSEILLE 14EME;13
321;MARSEILLE 10EME;13
322;MARSEILLE 7EME;13
323;MARSEILLE 5EME;13
324;MARSEILLE 6EME;13
325;MARSEILLE 9EME;13
326;AUBAGNE;13
327;MARSEILLE 8EME;13
328;CARNOUX-EN-PROVENCE;13
329;CASSIS;13
330;ROQUEVAIRE;13
331;LA CIOTAT;13
332;LA DESTROUSSE;13
333;AURIOL;13
334;LA PENNE SUR HUVEAUNE;13
335;LA BOUILLADISSE;13
336;SAINT SAVOURNIN;13
337;ROQUEFORT LA BEDOULE;13
338;PEYPIN;13
339;GREASQUE;13
340;GEMENOS;13
341;CUGES LES PINS;13
342;MARSEILLE 13EME;13
343;MARSEILLE 12EME;13
344;PLAN DE CUQUES;13
345;MARSEILLE 11EME;13
346;MARSEILLE 12EME;13
347;ALLAUCH;13
348;MIRAMAS;13
349;SALON-DE-PROVENCE;13
350;AIX EN PROVENCE;13
351;ROUSSET;13
352;ENSUES-LA-REDONNE;13
353;CHATEAUNEUF-LES-MARTIGUES;13
354;VITROLLES;13
355;MARIGNANE;13
356;GIGNAC-LA-NERTHE;13
357;EYRAGUES;13
358;SAINT-REMY-DE-PROVENCE;13
359;ARLES;13
360;GRAVESON;13
361;EYGUIERES;13
362;CHATEAURENARD;13
363;CAEN;14
364;MERVILLE FRANCEVILLE;14
365;GRANDCAMP-MAISY;14
366;LISIEUX;14
367;HONFLEUR;14
368;TROUVILLE-SUR-MER;14
369;DIVES-SUR-MER;14
370;VILLERS-SUR-MER;14
371;DEAUVILLE;14
372;HOULGATE;14
373;PONT-L EVEQUE;14
374;BLONVILLE-SUR-MER;14
375;TOURGEVILLE;14
376;TOUQUES;14
377;BENERVILLE-SUR-MER;14
378;DOZULE;14
379;EQUEMAUVILLE;14
380;SAINT-ARNOULT;14
381;RIVIERE-SAINT-SAUVEUR (LA);14
382;ANGOULEME;16
383;RUELLE-SUR-TOUVRE;16
384;SOYAUX;16
385;BARBEZIEUX SAINT HILAIRE;16
386;L'ISLE D'ESPAGNAC;16
387;GOND PONTOUVRE;16
388;SAINT-MICHEL;16
389;SAINT-XANDRE;17
390;LA ROCHELLE;17
391;LAGORD;17
392;PERIGNY;17
393;CHATELAILLON-PLAGE;17
394;AYTRE;17
395;CLAVETTE;17
396;LOIX;17
397;SAINT-MARTIN-DE-RE;17
398;COURCON;17
399;LES PORTES-EN-RE;17
400;PUILBOREAU;17
401;DOMPIERRE-SUR-MER;17
402;MARANS;17
403;ARS-EN-RE;17
404;ANGOULINS;17
405;ROCHEFORT;17
406;TONNAY CHARENTE;17
407;FOURAS;17
408;SAINTES;17
409;SAUJON;17
410;SAINT-GEORGES-DE-DIDONNE;17
411;MESCHERS-SUR-GIRONDE;17
412;BARZAN;17
413;ST JEAN D'ANGELY;17
414;VIERZON;18
415;BOURGES;18
416;SAINT-FLORENT-SUR-CHER;18
417;MEHUN-SUR-YEVRE;18
418;MORTHOMIERS;18
419;ALLOUIS;18
420;SAINT-AMAND-MONTROND;18
421;AUBIGNY-SUR-NERE;18
422;TREIGNAC;19
423;TULLE;19
424;USSEL;19
425;BRIVE LA GAILLARDE;19
426;USSAC;19
427;SAINT-SORNIN-LAVOLPS;19
428;MALEMORT;19
429;SAINTE FEREOLE;19
430;DIJON;21
431;SAINT-BRIEUC;22
432;ERQUY;22
433;LAMBALLE-ARMOR;22
434;CHATELAUDREN-PLOUAGAT;22
435;LANGUEUX;22
436;PLOUFRAGAN;22
437;PLOUHA;22
438;PAIMPOL;22
439;PLENEUF-VAL-ANDRE;22
440;SAINT-QUAY-PORTRIEUX;22
441;PLERIN;22
442;BINIC-ETABLES-SUR-MER;22
443;HILLION;22
444;TREGUEUX;22
445;NOYAL;22
446;BEAUSSAIS-SUR-MER;22
447;DINAN;22
448;SAINT-CAST-LE-GUILDO;22
449;FREHEL;22
450;TADEN;22
451;LANCIEUX;22
452;PLANCOET;22
453;CAULNES;22
454;LANVALLAY;22
455;MATIGNON;22
456;BROONS;22
457;GUINGAMP;22
458;PLOUMAGOAR;22
459;PERROS-GUIREC;22
460;LANNION;22
461;TREGUIER;22
462;TREVOU-TREGUIGNEC;22
463;TREBEURDEN;22
464;PLESTIN-LES-GREVES;22
465;LOUDEAC;22
466;LA SOUTERRAINE;23
467;GUERET;23
468;PERIGUEUX;24
469;TRELISSAC;24
470;BOULAZAC ISLE MANOIRE;24
471;COULOUNIEIX-CHAMIERS;24
472;BERGERAC;24
473;PORT-SAINTE-FOY-ET-PONCHAPT;24
474;VAL DE LOUYRE ET CAUDEAU;24
475;LAMOTHE-MONTRAVEL;24
476;TERRASSON LAVILLEDIEU;24
477;SARLAT-LA-CANEDA;24
478;ROUFFIGNAC-ST-CERNIN-DE-REILHA;24
479;CASTELNAUD-LA-CHAPELLE;24
480;BESANCON;25
481;GENEUILLE;25
482;SAINT VIT;25
483;BOUSSIERES;25
484;MAMIROLLE;25
485;ROCHE LEZ BEAUPRE;25
486;MISEREY SALINES;25
487;BONNAY;25
488;DELUZ;25
489;LES AUXONS;25
490;BAUME LES DAMES;25
491;PONTARLIER;25
492;GRANGES NARBOZ;25
493;JOUGNE;25
494;VILLERS LE LAC;25
495;MORTEAU;25
496;LES HOPITAUX NEUFS;25
497;ROCHEJEAN;25
498;ORNANS;25
499;DOUBS;25
500;VALDAHON;25
501;LA CLUSE ET MIJOUX;25
502;METABIEF;25
503;ETALANS;25
504;MONTLEBON;25
505;MOUTHE;25
506;LES FOURGS;25
507;CHARQUEMONT;25
508;AUDINCOURT;25
509;SELONCOURT;25
510;HERIMONCOURT;25
511;MONTBELIARD;25
512;ROMANS-SUR-ISERE;26
513;VALENCE;26
514;MORAS-EN-VALLOIRE;26
515;MONTELIMAR;26
517;BOURG-DE-PEAGE;26
518;MONTBOUCHER-SUR-JABRON;26
519;BOURG LES VALENCE;26
520;CHABEUIL;26
516;CREST;26
521;DONZERE;26
522;SAINT-RAMBERT-D ALBON;26
523;DIEULEFIT;26
524;TULETTE;26
525;BEAUVALLON;26
526;MIRABEL-AUX-BARONNIES;26
527;LORIOL SUR DROME;26
528;PIERRELATTE;26
529;SAINT-PAUL-TROIS-CHATEAUX;26
530;MONTELIER;26
531;LIVRON SUR DROME;26
532;PORTES LES VALENCE;26
533;NYONS;26
534;SAUZET;26
535;SAINT-DONAT-SUR-L HERBASSE;26
536;ANCONE;26
537;SAINT-PANTALEON-LES-VIGNES;26
538;SAINT-AGNAN-EN-VERCORS;26
539;LA ROCHE DE GLUN;26
540;MOURS-SAINT-EUSEBE;26
541;SAINT VALLIER;26
542;PONT DE L ISERE;26
543;MERCUROL-VEAUNES;26
544;TAIN L HERMITAGE;26
545;BEAUMONT LES VALENCE;26
546;MONTSEGUR-SUR-LAUZON;26
547;PONSAS;26
548;GRAVIGNY;27
549;RUGLES;27
550;EZY SUR EURE;27
551;EVREUX;27
552;PACY-SUR-EURE;27
553;BUEIL;27
554;VERNON;27
555;ST MARCEL;27
556;CONCHES EN OUCHE;27
557;VERNEUIL D'AVRE ET D'ITON;27
558;GISORS;27
559;LES ANDELYS;27
560;LA TRINITE DE REVILLE;27
561;BEAUMONT LE ROGER;27
562;BERNAY;27
563;GAILLON;27
564;CHARTRES;28
565;GALLARDON;28
566;LE COUDRAY;28
567;EPERNON;28
568;MAINVILLIERS;28
569;TOURY;28
570;HANCHES;28
571;LEVES;28
572;GASVILLE OISEME;28
573;MAINTENON;28
574;LUCE;28
575;CHARTAINVILLIERS;28
576;ST PREST;28
577;GAS;28
578;AUNEAU-BLEURY-SAINT-SYMPHORIEN;28
579;LUISANT;28
580;JOUY;28
581;COURVILLE SUR EURE;28
582;CHATEAUDUN;28
583;ST DENIS-LANNERAY;28
584;DREUX;28
585;VERNOUILLET;28
586;LORMAYE;28
587;NOGENT-LE-ROI;28
588;ANET;28
589;CHAUDON;28
590;ST LUBIN DES JONCHERETS;28
591;CHATEAUNEUF EN THYMERAIS;28
592;ST REMY SUR AVRE;28
593;COULOMBS;28
594;NOGENT LE ROTROU;28
595;QUIMPER;29
596;DOUARNENEZ;29
597;QUIMPERLE;29
598;CONCARNEAU;29
599;PONT-AVEN;29
600;CLOHARS CARNOET;29
601;BREST;29
602;SAINT RENAN;29
603;DIRINON;29
604;LANDERNEAU;29
605;PLOUGASTEL-DAOULAS;29
606;CAMARET-SUR-MER;29
607;CROZON;29
608;SAINT-NIC;29
609;MORLAIX;29
610;LANDIVISIAU;29
611;CARANTEC;29
612;SAINT-MARTIN-DES-CHAMPS;29
613;PLOUGASNOU;29
614;ROSCOFF;29
615;PORTO-VECCHIO;2A
616;AJACCIO;2A
617;PROPRIANO;2A
618;AJACCIO;2A
619;SARTENE;2A
620;ZONZA;2A
621;BONIFACIO;2A
622;GROSSETO-PRUGNA;2A
623;LECCI;2A
624;ARBELLARA;2A
625;PIETROSELLA;2A
626;GROSSETO-PRUGNA;2A
627;VICO;2A
628;CASAGLIONE;2A
629;SARROLA-CARCOPINO;2A
630;ARGIUSTA-MORICCIO;2A
631;ALBITRECCIA;2A
632;SERRA-DI-FERRO;2A
633;CAURO;2A
634;PALNECA;2A
635;APPIETTO;2A
636;CALCATOGGIO;2A
637;PIANOTTOLI-CALDARELLO;2A
638;OTA;2A
639;BELVEDERE-CAMPOMORO;2A
640;SOTTA;2A
641;SARI-SOLENZARA;2A
642;LECCI;2A
643;OLMETO;2A
644;COTI-CHIAVARI;2A
645;CASALABRIVA;2A
646;TAVERA;2A
647;VICO;2A
648;QUENZA;2A
649;BASTELICACCIA;2A
650;PIANA;2A
651;COGGIA;2A
652;FRASSETO;2A
653;CUTTOLI-CORTICCHIATO;2A
654;SANTA-MARIA-SICHE;2A
655;COGGIA;2A
656;ALBITRECCIA;2A
657;VIGGIANELLO;2A
658;AJACCIO;2A
659;AREGNO;2B
660;L'ILE ROUSSE;2B
661;CERVIONE;2B
662;OLETTA;2B
663;LE GRAU DU ROI;30
664;AIGUES-MORTES;30
665;NIMES;30
666;NIMES;30
667;CALVISSON;30
668;DURFORT-ET-SAINT-MARTIN-DE-;30
669;VAUVERT;30
670;CAISSARGUES;30
671;MILHAUD;30
672;CLARENSAC;30
673;BOUILLARGUES;30
674;GARONS;30
675;SOMMIERES;30
676;SAINT ANDRE DE VALBORGNE;30
677;GALLARGUES-LE-MONTUEUX;30
678;BERNIS;30
679;AIGUES-VIVES;30
680;SAINT-DIONISY;30
681;GARRIGUES SAINTE EULALIE;30
682;SAUVE;30
683;LA CALMETTE;30
684;LASALLE;30
685;SAINT-LAURENT-D AIGOUZE;30
686;AUBORD;30
687;AIMARGUES;30
688;RODILHAN;30
689;SARDAN;30
690;CODOGNAN;30
691;ARRIGAS;30
692;QUISSAC;30
693;SAINT-GENIES-DE-MALGOIRES;30
694;CAVEIRAC;30
695;LE VIGAN;30
696;SUMENE;30
697;ST HIPPOLYTE DU FORT;30
698;UZES;30
699;GENERAC;30
700;LAUDUN-L ARDOISE;30
701;BELLEGARDE;30
702;BEAUCAIRE;30
703;VILLENEUVE LES AVIGNON;30
704;SAINT-NAZAIRE;30
705;MARGUERITTES;30
706;MEYNES;30
707;ROCHEFORT-DU-GARD;30
708;LES ANGLES;30
709;REMOULINS;30
710;POULX;30
711;PONT ST ESPRIT;30
712;ST GILLES;30
713;CASTILLON-DU-GARD;30
714;SAINT-HILAIRE-D OZILHAN;30
715;SAINT-PAULET-DE-CAISSON;30
716;SERNHAC;30
717;BAGNOLS SUR CEZE;30
718;SAZE;30
719;MONTAREN-ET-SAINT-MEDIERS;30
720;MONTFRIN;30
721;ROQUEMAURE;30
722;ALES;30
723;PORTES;30
724;MOLIERES-SUR-CEZE;30
725;BESSEGES;30
726;SAINT-FLORENT-SUR-AUZONNET;30
727;LA GRAND COMBE;30
728;ANDUZE;30
729;TOULOUSE;31
730;TOULOUSE;31
731;TOULOUSE;31
732;TOULOUSE;31
733;CASTELGINEST;31
734;FONBEAUZARD;31
735;BALMA;31
736;DREMIL LAFAGE;31
737;L UNION;31
738;AUCAMVILLE;31
739;FENOUILLET;31
740;ROUFFIAC TOLOSAN;31
741;GAGNAC SUR GARONNE;31
742;RAMONVILLE ST AGNE;31
743;ST JEAN;31
744;LAUNAGUET;31
745;FLOURENS;31
746;TOULOUSE;31
747;TOURNEFEUILLE;31
748;COLOMIERS;31
749;TOULOUSE;31
750;BLAGNAC;31
751;VILLEMUR SUR TARN;31
752;AUSSONNE;31
753;CUGNAUX;31
754;GRENADE SUR GARONNE;31
755;LA SALVETAT ST GILLES;31
756;MONDONVILLE;31
757;FRONTON;31
758;BEAUZELLE;31
759;BESSIERES;31
760;CASTANET TOLOSAN;31
761;VILLEFRANCHE-DE-LAURAGAIS;31
762;NAILLOUX;31
763;LABEGE;31
764;REVEL;31
765;ST ORENS DE GAMEVILLE;31
766;LANTA;31
767;LACROIX FALGARDE;31
768;AUZEVILLE-TOLOSANE;31
769;ESCALQUENS;31
770;MONTASTRUC LA CONSEILLERE;31
771;POMPERTUZAT;31
772;BAZIEGE;31
773;FROUZINS;31
774;AUCH;32
775;CONDOM;32
776;CAZAUBON;32
777;GIMONT;32
778;L ISLE JOURDAIN;32
779;BORDEAUX;33
780;SAINT AUBIN DE MEDOC;33
781;PAREMPUYRE;33
782;SAINT MEDARD EN JALLES;33
783;BORDEAUX;33
784;BORDEAUX;33
785;BRUGES;33
786;LACANAU;33
787;LE BOUSCAT;33
788;LE HAILLAN;33
789;EYSINES;33
790;LUDON MEDOC;33
791;MOULIS-EN-MEDOC;33
792;LE TAILLAN MEDOC;33
793;CASTELNAU-DE-MEDOC;33
794;BLANQUEFORT;33
795;MARGAUX CANTENAC;33
796;BORDEAUX;33
797;BEGLES;33
798;MERIGNAC;33
799;GRADIGNAN;33
800;TALENCE;33
801;PESSAC;33
802;VILLENAVE D ORNON;33
803;SAINT JEAN D ILLAC;33
804;MARTIGNAS SUR JALLE;33
805;CANEJAN;33
806;CESTAS;33
807;CADILLAC;33
808;BIGANOS;33
809;ARCACHON;33
810;CARBON BLANC;33
811;CADAUJAC;33
812;LA TESTE-DE-BUCH;33
813;GUJAN MESTRAS;33
814;CENON;33
815;FLOIRAC;33
816;TOULENNE;33
817;ANDERNOS-LES-BAINS;33
818;BORDEAUX;33
819;LORMONT;33
820;ARTIGUES-PRES-BORDEAUX;33
821;PAILLET;33
822;LEGE-CAP-FERRET;33
823;LE TEICH;33
824;ST SULPICE ET CAMEYRAC;33
825;CREON;33
826;SALLES;33
827;TRESSES;33
828;SAINT GERVAIS;33
829;ARES;33
830;FARGUES SAINT HILAIRE;33
831;LANGON;33
832;LEOGNAN;33
833;LEGE-CAP-FERRET;33
834;PREIGNAC;33
835;ST LOUIS DE MONTFERRAND;33
836;LATRESNE;33
837;AUDENGE;33
838;HAUX;33
839;AMBARES-ET-LAGRAVE;33
840;ST CAPRAIS DE BORDEAUX;33
841;LANTON;33
842;BARSAC;33
843;LE BARP;33
844;BASSENS;33
845;LANGOIRAN;33
846;YVRAC;33
847;MONTUSSAN;33
848;BAZAS;33
849;SAINT-ANDRE-DE-CUBZAC;33
850;CARIGNAN-DE-BORDEAUX;33
851;MIOS;33
852;LE TOURNE;33
853;MARCHEPRIME;33
854;LA TESTE-DE-BUCH;33
855;CASTRES GIRONDE;33
856;LESTIAC-SUR-GARONNE;33
857;LA BREDE;33
858;SAINT LOUBES;33
859;SAINTE EULALIE;33
860;GRIGNOLS;33
861;GENISSAC;33
862;LIBOURNE;33
863;CASTILLON-LA-BATAILLE;33
864;BLAYE;33
865;PINEUILH;33
866;SAINT-YZAN-DE-SOUDIAC;33
867;SAINT-QUENTIN-DE-BARON;33
868;SAINT-SAVIN;33
869;COUTRAS;33
870;ST-SEURIN-SUR-L ISLE;33
871;SAINTE-FOY-LA-GRANDE;33
872;SAINT-CIERS-SUR-GIRONDE;33
873;VAYRES;33
874;LA REOLE;33
875;SAINT-MACAIRE;33
876;SAUVETERRE-DE-GUYENNE;33
877;CARCANS;33
878;SOULAC-SUR-MER;33
879;HOURTIN;33
880;SAINT LAURENT MEDOC;33
881;LE VERDON SUR MER;33
882;LESPARRE-MEDOC;33
883;VERTHEUIL;33
884;SAINT-VIVIEN-DE-MEDOC;33
885;MONTPELLIER;34
886;MONTPELLIER;34
887;MONTPELLIER;34
888;MONTPELLIER;34
889;PALAVAS-LES-FLOTS;34
890;MAUGUIO;34
891;JUVIGNAC;34
892;PEROLS;34
893;LE CRES;34
894;LA GRANDE MOTTE;34
895;CASTELNAU LE LEZ;34
896;LATTES;34
897;SAINT-AUNES;34
898;SAINT-JEAN-DE-VEDAS;34
899;GRABELS;34
900;FRONTIGNAN;34
901;SETE;34
902;VIC-LA-GARDIOLE;34
903;BOUZIGUES;34
904;BALARUC LES BAINS;34
905;VENDARGUES;34
906;GANGES;34
907;LUNEL;34
908;CLERMONT L HERAULT;34
909;SAINT-GELY-DU-FESC;34
910;MEZE;34
911;SUSSARGUES;34
912;MARSILLARGUES;34
913;GIGEAN;34
914;JACOU;34
915;MAS-DE-LONDRES;34
916;SAINT CLEMENT DE RIVIERE;34
917;CASTRIES;34
918;BAILLARGUES;34
919;POUSSAN;34
920;LAROQUE;34
921;MONTBAZIN;34
922;PRADES-LE-LEZ;34
923;BEAULIEU;34
924;BALARUC LE VIEUX;34
925;SAINT-SERIES;34
926;VILLENEUVE-LES-MAGUELONE;34
927;SAINT-BRES;34
928;PLAISSAN;34
929;LODEVE;34
930;SAINT-FELIX-DE-LODEZ;34
931;LOUPIAN;34
932;CAZILHAC;34
933;SAINT PAUL ET VALMALLE;34
934;SAINT-ANDRE-DE-SANGONIS;34
935;POUZOLS;34
936;ASSAS;34
937;ENTRE-VIGNES;34
938;NEBIAN;34
939;SAINT-DREZERY;34
940;GIGNAC;34
941;MONTPEYROUX;34
942;MONTARNAUD;34
943;VALRAS-PLAGE;34
944;CESSERAS;34
945;BEZIERS;34
946;SERIGNAN;34
947;AGDE;34
948;PEZENAS;34
949;MARSEILLAN;34
950;BEDARIEUX;34
951;VENDRES;34
952;VIAS;34
953;PUISSERGUIER;34
954;CAUX;34
955;MONTADY;34
956;LAMALOU-LES-BAINS;34
957;BOUJAN-SUR-LIBRON;34
958;PORTIRAGNES;34
959;POMEROLS;34
960;PACE;35
961;BOURGBARRE;35
962;RENNES;35
963;BETTON;35
964;CESSON-SEVIGNE;35
965;RENNES;35
966;NOYAL-CHATILLON-SUR-SEICHE;35
967;RENNES;35
968;CHANTEPIE;35
969;VEZIN-LE-COQUET;35
970;BRUZ;35
971;CHARTRES-DE-BRETAGNE;35
972;ST JACQUES DE LA LANDE;35
973;SAINT-GREGOIRE;35
974;VERN-SUR-SEICHE;35
975;LA CHAPELLE DES FOUGERETZ;35
976;PONT-PEAN;35
977;ACIGNE;35
978;PARTHENAY-DE-BRETAGNE;35
979;ORGERES;35
980;MELESSE;35
981;CHAVAGNE;35
982;IRODOUER;35
983;SAINT-AUBIN-D AUBIGNE;35
984;BREAL-SOUS-MONTFORT;35
985;MORDELLES;35
986;MONTAUBAN-DE-BRETAGNE;35
987;LIFFRE;35
988;CHATEAUGIRON;35
989;LE RHEU;35
990;BRETEIL;35
991;NOUVOITOU;35
992;BEDEE;35
993;JANZE;35
994;THORIGNE-FOUILLARD;35
995;SAINT-MEEN-LE-GRAND;35
996;MONTFORT-SUR-MEU;35
997;L'HERMITAGE;35
998;HEDE-BAZOUGES;35
999;LA MEZIERE;35
1000;SAINT-ARMEL;35
1001;SENS-DE-BRETAGNE;35
1002;MONTREUIL-SUR-ILLE;35
1003;GOVEN;35
1004;REDON;35
1005;BAIN-DE-BRETAGNE;35
1006;LA CHAPELLE BOUEXIC;35
1007;GUICHEN;35
1008;POLIGNE;35
1009;BOURG-DES-COMPTES;35
1010;SAINT-MALO;35
1011;DINARD;35
1012;PLEUGUENEUC;35
1013;SAINT-LUNAIRE;35
1014;CANCALE;35
1015;PLEURTUIT;35
1016;DOL DE BRETAGNE;35
1017;SAINT-BRIAC-SUR-MER;35
1018;MINIAC-MORVAN;35
1019;LA GOUESNIERE;35
1020;LA RICHARDAIS;35
1021;SAINT-DOMINEUC;35
1022;LE TRONCHET;35
1023;ROZ-SUR-COUESNON;35
1024;SAINT-MELOIR-DES-ONDES;35
1025;SAINT-JOUAN-DES-GUERETS;35
1026;DOMAGNE;35
1027;LA GUERCHE-DE-BRETAGNE;35
1028;VITRE;35
1029;CHATEAUBOURG;35
1030;RETIERS;35
1031;VAL-D'IZE;35
1032;CHATEAUROUX;36
1033;LA CHATRE;36
1034;JOUE LES TOURS;37
1035;TOURS;37
1036;LA RICHE;37
1037;TOURS;37
1038;MONTLOUIS-SUR-LOIRE;37
1039;SAINT-PIERRE-DES-CORPS;37
1040;TOURS;37
1041;SAINT AVERTIN;37
1042;FONDETTES;37
1043;SAINT CYR SUR LOIRE;37
1044;NOTRE-DAME-D OE;37
1045;ROCHECORBON;37
1046;LA MEMBROLLE-SUR-CHOISILLE;37
1047;BALLAN MIRE;37
1048;CHAMBRAY LES TOURS;37
1049;AMBOISE;37
1050;RICHELIEU;37
1051;BOURGUEIL;37
1052;LOCHES;37
1053;DESCARTES;37
1054;GRENOBLE;38
1055;GRENOBLE;38
1056;SAINT-MARTIN-D'HERES;38
1057;GIERES;38
1058;LA TRONCHE;38
1059;MEYLAN;38
1060;MONTBONNOT-SAINT-MARTIN;38
1061;ECHIROLLES;38
1062;SAINT-NAZAIRE-LES-EYMES;38
1063;BIVIERS;38
1064;SAINT-ISMIER;38
1065;EYBENS;38
1066;POISAT;38
1067;CORENC;38
1068;LA TERRASSE;38
1069;VOIRON;38
1070;DOMENE;38
1071;FROGES;38
1072;PONTCHARRA;38
1073;VIZILLE;38
1074;SAINT-EGREVE;38
1075;FONTANIL-CORNILLON;38
1076;CRETS EN BELLEDONNE;38
1077;SAINT-MARTIN-LE-VINOUX;38
1078;TENCIN;38
1079;ALLEVARD;38
1080;VILLARD-BONNOT;38
1081;LE HAUT-BREDA;38
1082;SAINT-MARTIN-D'URIAGE;38
1083;VOREPPE;38
1084;CHAMROUSSE;38
1085;LA BUISSE;38
1086;NOTRE-DAME-DE-MESAGE;38
1087;SAINT-PIERRE-DE-CHARTREUSE;38
1088;BRIE-ET-ANGONNES;38
1089;GONCELIN;38
1090;VAULNAVEYS-LE-BAS;38
1091;LES ADRETS;38
1092;LE VERSOUD;38
1093;LE CHEYLAS;38
1094;SAINT-ETIENNE-DE-CROSSEY;38
1095;CROLLES;38
1096;GRESSE-EN-VERCORS;38
1097;HUEZ;38
1098;LES DEUX ALPES;38
1099;SASSENAGE;38
1100;AUTRANS-MEAUDRE EN VERCORS;38
1101;SEYSSINET-PARISET;38
1102;VILLARD-DE-LANS;38
1103;FONTAINE;38
1104;VAUJANY;38
1105;CORRENCON-EN-VERCORS;38
1106;AUTRANS-MEAUDRE EN VERCORS;38
1107;LE PONT-DE-CLAIX;38
1108;CLAIX;38
1109;CORPS;38
1110;LE BOURG-D'OISANS;38
1111;BESSE;38
1112;AURIS;38
1113;LANS-EN-VERCORS;38
1114;LE GUA;38
1115;SAINT-CLAIR-DE-LA-TOUR;38
1116;BOURGOIN-JALLIEU;38
1117;VILLEFONTAINE;38
1118;SAINT-JUST-CHALEYSSIN;38
1119;L'ISLE-D'ABEAU;38
1120;LA VERPILLIERE;38
1121;ANTHON;38
1122;PONT-DE-CHERUY;38
1123;RIVES;38
1124;SAINT-ETIENNE-DE-SAINT-GEOIRS;38
1125;SAINT-MARCELLIN;38
1126;SAINT-JEAN-DE-MOIRANS;38
1127;TULLINS;38
1128;VINAY;38
1129;MOIRANS;38
1130;BEAUCROISSANT;38
1131;SAINT-GEOIRS;38
1132;ROYBON;38
1133;IZEAUX;38
1134;LES ROUSSES;39
1135;SAINT-CLAUDE;39
1136;DOLE;39
1137;CHAMPAGNOLE;39
1138;ARBOIS;39
1139;TAVAUX;39
1140;HAUTS DE BIENNE;39
1141;SAMPANS;39
1142;LONS LE SAUNIER;39
1143;SEPTMONCEL LES MOLUNES;39
1144;BOIS-D AMONT;39
1145;PREMANON;39
1146;POLIGNY;39
1147;PERRIGNY;39
1148;MONTMOROT;39
1149;OFFLANGES;39
1150;LAVANS-LES-SAINT-CLAUDE;39
1151;SALINS LES BAINS;39
1152;MOIRANS-EN-MONTAGNE;39
1153;CLAIRVAUX-LES-LACS;39
1154;BELLEFONTAINE;39
1155;RAVILLOLES;39
1156;ST-JULIEN-EN-BORN;40
1157;DAX;40
1158;ST-VINCENT-DE-TYROSSE;40
1159;TOSSE;40
1160;SAINT-PIERRE-DU-MONT;40
1161;MOLIETS-ET-MAA;40
1162;PEYREHORADE;40
1163;SEIGNOSSE;40
1164;MONT-DE-MARSAN;40
1165;TARNOS;40
1166;SOORTS-HOSSEGOR;40
1167;ST-GEOURS-MAREMNE;40
1168;SANGUINET;40
1169;VIELLE-ST-GIRONS;40
1170;VIEUX BOUCAU-LES-BAINS;40
1171;LIT ET MIXE;40
1172;BISCARROSSE;40
1173;ST-PAUL-LES-DAX;40
1174;CAPBRETON;40
1175;LABENNE;40
1176;SOUSTONS;40
1177;ONDRES;40
1178;MONTGAILLARD;40
1179;AIRE-SUR-L'ADOUR;40
1180;ST-MARTIN-DE-SEIGNANX;40
1181;ANGRESSE;40
1182;MIMIZAN;40
1183;HAGETMAU;40
1184;ORIST;40
1185;LEON;40
1186;ST-MARTIN-DE-HINX;40
1187;BIAS;40
1188;POYANNE;40
1189;ST-VINCENT-DE-PAUL;40
1190;RION-DES-LANDES;40
1191;TARTAS;40
1192;AUREILHAN;40
1193;SAINT-SEVER;40
1194;PARENTIS EN BORN;40
1195;BENESSE-MAREMNE;40
1196;VENDOME;41
1197;BLOIS;41
1198;MONTRICHARD VAL DE CHER;41
1199;MAROLLES;41
1200;ROMORANTIN-LANTHENAY;41
1201;VINEUIL;41
1202;LA CHAUSSEE SAINT VICTOR;41
1203;VILLEBAROU;41
1204;SAINT-ETIENNE;42
1205;SAINT-ETIENNE;42
1206;SAINT-JEAN-BONNEFONDS;42
1207;LA TALAUDIERE;42
1208;SAINT GENEST LERPT;42
1209;GENILAC;42
1210;FIRMINY;42
1211;SAINT-PAUL-EN-JAREZ;42
1212;SAINT-CHAMOND;42
1213;LA RICAMARIE;42
1214;ROCHE-LA-MOLIERE;42
1215;LA GRAND-CROIX;42
1216;SAINT-JOSEPH;42
1217;SAINT-PRIEST-EN-JAREZ;42
1218;PELUSSIN;42
1219;LA FOUILLOUSE;42
1220;L ETRAT;42
1221;VILLARS;42
1222;LORETTE;42
1223;LE CHAMBON-FEUGEROLLES;42
1224;FRAISSES;42
1225;SORBIERS;42
1226;CHAVANAY;42
1227;RIVE-DE-GIER;42
1228;FARNAY;42
1229;SAINT-PAUL-EN-CORNILLON;42
1230;UNIEUX;42
1231;L HORME;42
1232;SAVIGNEUX;42
1233;SAINT-MARCELLIN-EN-FOREZ;42
1234;ANDREZIEUX-BOUTHEON;42
1235;CHAZELLES SUR LYON;42
1236;BOEN-SUR-LIGNON;42
1237;MONTBRISON;42
1238;VEAUCHE;42
1239;MONTROND-LES-BAINS;42
1240;SAINT-JUST-SAINT-RAMBERT;42
1241;SAINT-GALMIER;42
1242;FEURS;42
1243;SAINT-ROMAIN-LE-PUY;42
1244;SAINT-BONNET-LE-CHATEAU;42
1245;SOLEYMIEUX;42
1246;CHALMAZEL-JEANSAGNIERE;42
1247;PRECIEUX;42
1248;ROANNE;42
1249;CHARLIEU;42
1250;VILLEREST;42
1251;SAINT-JUST-EN-CHEVALET;42
1252;RIORGES;42
1253;NEULISE;42
1254;LE COTEAU;42
1255;MABLY;42
1256;BALBIGNY;42
1257;PERREUX;42
1258;BRIENNON;42
1259;SAINT-HAON-LE-CHATEL;42
1260;LE PUY EN VELAY;43
1261;SAINTE-SIGOLENE;43
1262;SEAUVE-SUR-SEMENE (LA);43
1263;SAINT-PAL-DE-MONS;43
1264;LE CHAMBON SUR LIGNON;43
1265;LANGEAC;43
1266;ESPALY-SAINT-MARCEL;43
1267;SAINT-DIDIER-EN-VELAY;43
1268;BRIVES-CHARENSAC;43
1269;AUREC-SUR-LOIRE;43
1270;ARAULES;43
1271;VIEILLE-BRIOUDE;43
1272;PONT-SALOMON;43
1273;BRIOUDE;43
1274;YSSINGEAUX;43
1275;BEAUZAC;43
1276;SAINT JUST MALMONT;43
1277;NANTES;44
1278;ST SEBASTIEN SUR LOIRE;44
1279;NANTES;44
1280;NANTES;44
1281;NANTES;44
1282;ST-HERBLAIN;44
1283;INDRE;44
1284;THOUARE-SUR-LOIRE;44
1285;CHAPELLE-SUR-ERDRE (LA);44
1286;REZE;44
1287;BOUGUENAIS;44
1288;SUCE-SUR-ERDRE;44
1289;ST-PHILBERT-DE-GRAND-LIEU;44
1290;BASSE-GOULAINE;44
1291;TREILLIERES;44
1292;LIGNE;44
1293;SORINIERES (LES);44
1294;AIGREFEUILLE SUR MAINE;44
1295;CARQUEFOU;44
1296;MACHECOUL-SAINT-MEME;44
1297;SAINTE-LUCE-SUR-LOIRE;44
1298;MOUZEIL;44
1299;HAIE-FOUASSIERE (LA);44
1300;ORVAULT;44
1301;VERTOU;44
1302;ANCENIS-SAINT-GEREON;44
1303;MAISDON-SUR-SEVRE;44
1304;CLISSON;44
1305;SAINT-JULIEN-DE-CONCELLES;44
1306;BOUAYE;44
1307;PONT-SAINT-MARTIN;44
1308;GRANDCHAMP-DES-FONTAINES;44
1309;LOROUX-BOTTEREAU (LE);44
1310;RIAILLE;44
1311;LOIREAUXENCE;44
1312;SAUTRON;44
1313;CHAPELLE-HEULIN (LA);44
1314;LA BERNERIE EN RETZ;44
1315;SAINT BREVIN LES PINS;44
1316;PORNIC;44
1317;SAINT-MICHEL-CHEF-CHEF;44
1318;LA PLAINE-SUR-MER;44
1319;SAINTE PAZANNE;44
1320;SAINT-PERE-EN-RETZ;44
1321;LA MONTAGNE;44
1322;PELLERIN (LE);44
1323;PAIMBOEUF;44
1324;PREFAILLES;44
1325;PORNICHET;44
1326;SAINT-NAZAIRE;44
1327;COUERON;44
1328;BESNE;44
1329;BLAIN;44
1330;TRIGNAC;44
1331;MISSILLAC;44
1332;MONTOIR-DE-BRETAGNE;44
1333;SAINT-ETIENNE-DE-MONTLUC;44
1334;SAVENAY;44
1335;GUEMENE PENFAO;44
1336;SAINT-MALO-DE-GUERSAC;44
1337;SAINTE-REINE-DE-BRETAGNE;44
1338;LE TEMPLE DE BRETAGNE;44
1339;SAINT-NICOLAS-DE-REDON;44
1340;DONGES;44
1341;CAMPBON;44
1342;VIGNEUX DE BRETAGNE;44
1343;LE POULIGUEN;44
1344;GUERANDE;44
1345;LA TURBALLE;44
1346;BATZ-SUR-MER;44
1347;LA BAULE-ESCOUBLAC;44
1348;MESQUER;44
1349;LE CROISIC;44
1350;SAINT-ANDRE-DES-EAUX;44
1351;PIRIAC-SUR-MER;44
1352;SAINT MOLF;44
1353;NORT SUR ERDRE;44
1354;CHATEAUBRIANT;44
1355;ST JEAN DE BRAYE;45
1356;ORLEANS;45
1357;OLIVET;45
1358;LA CHAPELLE ST MESMIN;45
1359;ST JEAN DE LA RUELLE;45
1360;SAINT-JEAN-LE-BLANC;45
1361;ORLEANS;45
1362;CHANTEAU;45
1363;SAINT-HILAIRE-SAINT-MESMIN;45
1364;FLEURY LES AUBRAIS;45
1365;INGRE;45
1366;SEMOY;45
1367;SAINT-PRYVE-SAINT-MESMIN;45
1368;SARAN;45
1369;SAINT-DENIS-EN-VAL;45
1370;CHECY;45
1371;BOULAY-LES-BARRES;45
1372;BEAUGENCY;45
1373;ARDON;45
1374;LA FERTE SAINT-AUBIN;45
1375;NEUVILLE-AUX-BOIS;45
1376;LAILLY EN VAL;45
1377;CHATEAUNEUF S LOIRE;45
1378;JARGEAU;45
1379;SANDILLON;45
1380;MEUNG-SUR-LOIRE;45
1381;PATAY;45
1382;MONTARGIS;45
1383;CHALETTE-SUR-LOING;45
1384;SAINT-HILAIRE-LES-ANDRESIS;45
1385;AMILLY;45
1386;CEPOY;45
1387;PUISEAUX;45
1388;LE MALESHERBOIS;45
1389;PITHIVIERS;45
1390;BEAUNE-LA-ROLANDE;45
1391;GIEN;45
1392;SULLY-SUR-LOIRE;45
1393;BRIARE;45
1394;CAHORS;46
1395;LE PASSAGE;47
1396;AGEN;47
1397;LAYRAC;47
1398;LAFOX;47
1399;CASTELJALOUX;47
1400;BOE;47
1401;COLAYRAC ST CIRQ;47
1402;NERAC;47
1403;AIGUILLON;47
1404;MARMANDE;47
1405;TONNEINS;47
1406;VILLENEUVE SUR LOT;47
1407;VILLEREAL;47
1408;FUMEL;47
1409;MONFLANQUIN;47
1410;CASTELNAUD DE GRATECAMBE;47
1411;MENDE;48
1412;LANGOGNE;48
1413;MEYRUEIS;48
1414;MARVEJOLS;48
1415;MONT LOZERE ET GOULET;48
1416;VILLEFORT;48
1417;PEYRE EN AUBRAC;48
1418;ANGERS;49
1419;ANGERS;49
1420;LES PONTS DE CE;49
1421;TIERCE;49
1422;SAINT-BARTHELEMY-D ANJOU;49
1423;MURS-ERIGNE;49
1424;TRELAZE;49
1425;STE GEMMES SUR LOIRE;49
1426;CHEFFES;49
1427;VERRIERES-EN-ANJOU;49
1428;VERRIERES-EN-ANJOU;49
1429;RIVES-DU-LOIR-EN-ANJOU;49
1430;BRISSAC LOIRE AUBANCE;49
1431;AVRILLE;49
1432;SAINT-GEORGES-SUR-LOIRE;49
1433;BOUCHEMAINE;49
1434;MONTREUIL-JUIGNE;49
1435;CHOLET;49
1436;CHEMILLE-EN-ANJOU;49
1437;TREMENTINES;49
1438;BEAUPREAU-EN-MAUGES;49
1439;BEAUPREAU-EN-MAUGES;49
1440;LA TESSOUALLE;49
1441;SAUMUR;49
1442;FONTEVRAUD L ABBAYE;49
1443;MAZE-MILON;49
1444;SEGRE-EN-ANJOU BLEU;49
1445;AGNEAUX;50
1446;SAINT-LO;50
1447;MOON-SUR-ELLE;50
1448;CARENTAN LES MARAIS;50
1449;GRANVILLE;50
1450;AVRANCHES;50
1451;GRANDPARIGNY;50
1452;DONVILLE-LES-BAINS;50
1453;SAINT-HILAIRE-DU-HARCOUET;50
1454;BRECEY;50
1455;JULLOUVILLE;50
1456;PONTORSON;50
1457;CHERBOURG-EN-COTENTIN;50
1458;CHERBOURG-EN-COTENTIN;50
1459;CHERBOURG-EN-COTENTIN;50
1460;CHERBOURG-EN-COTENTIN;50
1461;CHERBOURG-EN-COTENTIN;50
1462;COUTANCES;50
1463;SAINT-GERMAIN-SUR-AY;50
1464;GAVRAY-SUR-SIENNE;50
1465;GOUVILLE-SUR-MER;50
1466;AGON-COUTAINVILLE;50
1467;PIROU;50
1468;PERIERS;50
1469;LESSAY;50
1470;LA HAYE;50
1471;BARNEVILLE-CARTERET;50
1472;SAINT-VAAST-LA-HOUGUE;50
1473;BAUBIGNY;50
1474;VALOGNES;50
1475;PORT-BAIL-SUR-MER;50
1476;CHALONS EN CHAMPAGNE;51
1477;SAINT-MEMMIE;51
1478;SAINTE MENEHOULD;51
1479;BLACY;51
1480;VITRY LE FRANCOIS;51
1481;FRIGNICOURT;51
1482;EPERNAY;51
1483;DORMANS;51
1484;VINAY;51
1485;CRAMANT;51
1486;AVIZE;51
1487;MAREUIL-LE-PORT;51
1488;REIMS;51
1489;TINQUEUX;51
1490;DIZY;51
1491;AY-CHAMPAGNE;51
1492;CORMONTREUIL;51
1493;SAINT BRICE COURCELLES;51
1494;CHIGNY-LES-ROSES;51
1495;SILLERY;51
1496;BETHENY;51
1497;BEZANNES;51
1498;FISMES;51
1499;WITRY-LES-REIMS;51
1500;MAGENTA;51
1501;AVENAY-VAL-D'OR;51
1502;NOGENT;52
1503;CHAUMONT;52
1504;LANGRES;52
1505;CHATEAU-GONTIER-SUR-MAYENNE;53
1506;CONGRIER;53
1507;LAVAL;53
1508;CHANGE;53
1509;ST FRAIMBAULT DE PRIERES;53
1510;MAYENNE;53
1511;ESSEY LES NANCY;54
1512;NANCY;54
1513;VANDOEUVRE LES NANCY;54
1514;PONT A MOUSSON;54
1515;SAINT MAX;54
1516;JARVILLE LA MALGRANGE;54
1517;MALZEVILLE;54
1518;VILLERS LES NANCY;54
1519;CHAMPIGNEULLES;54
1520;MEREVILLE;54
1521;PULNOY;54
1522;MAXEVILLE;54
1523;LAXOU;54
1524;FROUARD;54
1525;BOUXIERES-AUX-DAMES;54
1526;LANEUVEVILLE-DEVANT-NANCY;54
1527;CUSTINES;54
1528;TOMBLAINE;54
1529;RICHARDMENIL;54
1530;HEILLECOURT;54
1531;PONT-SAINT-VINCENT;54
1532;HAROUE;54
1533;VARANGEVILLE;54
1534;SAINT-NICOLAS-DE-PORT;54
1535;VAL DE BRIEY;54
1536;LONGWY;54
1537;TRIEUX;54
1538;GORCY;54
1539;HAUCOURT-MOULAINE;54
1540;JOEUF;54
1541;JARNY;54
1542;SAULNES;54
1543;HOMECOURT;54
1544;TUCQUEGNIEUX;54
1545;MONT SAINT MARTIN;54
1546;REHON;54
1547;AUBOUE;54
1548;LONGLAVILLE;54
1549;THIL;54
1550;LONGUYON;54
1551;HERSERANGE;54
1552;HUSSIGNY GODBRANGE;54
1553;VILLERUPT;54
1554;COSNES-ET-ROMAIN;54
1555;CONS-LA-GRANDVILLE;54
1556;HATRIZE;54
1557;VALLEROY;54
1558;LUNEVILLE;54
1559;VATHIMENIL;54
1560;DAMELEVIERES;54
1561;MONT-SUR-MEURTHE;54
1562;BLAINVILLE-SUR-L EAU;54
1563;FOUG;54
1564;PIERRE-LA-TREICHE;54
1565;ECROUVES;54
1566;TOUL;54
1567;DOMMARTIN-LES-TOUL;54
1568;VILLEY-SAINT-ETIENNE;54
1569;DOMGERMAIN;54
1570;THIAUCOURT-REGNIEVILLE;54
1571;BELLEVILLE SUR MEUSE;55
1572;VERDUN;55
1573;ARZON;56
1574;SAINT-AVE;56
1575;VANNES;56
1576;ARRADON;56
1577;PLOEREN;56
1578;PLOUHINEC;56
1579;GUIDEL;56
1580;GAVRES;56
1581;LARMOR-PLAGE;56
1582;LORIENT;56
1583;LOCMIQUELIC;56
1584;INZINZAC-LOCHRIST;56
1585;PORT-LOUIS;56
1586;GESTEL;56
1587;HENNEBONT;56
1588;PLOEMEUR;56
1589;LANESTER;56
1590;RIANTEC;56
1591;CLEGUER;56
1592;KERVIGNAC;56
1593;LANGUIDIC;56
1594;BRECH;56
1595;PLOEMEL;56
1596;AURAY;56
1597;CARNAC;56
1598;LOCMARIA;56
1599;LE PALAIS;56
1600;SAINT-PIERRE-QUIBERON;56
1601;QUIBERON;56
1602;BELZ;56
1603;LA TRINITE SUR MER;56
1604;ERDEVEN;56
1605;LE BONO;56
1606;ETEL;56
1607;SAUZON;56
1608;SAINTE-ANNE-D'AURAY;56
1609;SAINT-PHILIBERT;56
1610;PLUVIGNER;56
1611;PLUNERET;56
1612;PLOUHARNEL;56
1613;MALESTROIT;56
1614;PLOERMEL;56
1615;PONTIVY;56
1616;LIGNOL;56
1617;BAUD;56
1618;NEVERS;58
1619;FOURCHAMBAULT;58
1620;VARENNES-VAUZELLES;58
1621;IMPHY;58
1622;COULANGES LES NEVERS;58
1623;DECIZE;58
1624;SAINT ELOI;58
1625;LILLE;59
1626;LA MADELEINE;59
1627;LILLE;59
1628;MONS EN BAROEUL;59
1629;LAMBERSART;59
1630;FACHES THUMESNIL;59
1631;LILLE;59
1632;LILLE;59
1633;SAINT-ANDRE;59
1634;WAMBRECHIES;59
1635;RONCHIN;59
1636;MARQUETTE-LEZ-LILLE;59
1637;VILLENEUVE-D'ASCQ;59
1638;FOURNES-EN-WEPPES;59
1639;CROIX;59
1640;LYS LEZ LANNOY;59
1641;VILLENEUVE-D'ASCQ;59
1642;ROUBAIX;59
1643;WATTRELOS;59
1644;LILLE;59
1645;WAVRIN;59
1646;PHALEMPIN;59
1647;LESQUIN;59
1648;LANNOY;59
1649;ENNETIERES-EN-WEPPES;59
1650;LOOS;59
1651;SEQUEDIN;59
1652;ALLENNES-LES-MARAIS;59
1653;WATTIGNIES;59
1654;WASQUEHAL;59
1655;AVELIN;59
1656;WILLEMS;59
1657;HAUBOURDIN;59
1658;VILLENEUVE-D'ASCQ;59
1659;SECLIN;59
1660;PONT-A-MARCQ;59
1661;TEMPLEUVE EN PEVELE;59
1662;CYSOING;59
1663;HALLENNES-LEZ-HAUBOURDIN;59
1664;HEM;59
1665;BERSEE;59
1666;MOUVAUX;59
1667;MARCQ EN BAROEUL;59
1668;RONCQ;59
1669;TOURCOING;59
1670;ARMENTIERES;59
1671;PERENCHIES;59
1672;HALLUIN;59
1673;DEULEMONT;59
1674;NEUVILLE EN FERRAIN;59
1675;BONDUES;59
1676;LINSELLES;59
1677;QUESNOY SUR DEULE;59
1678;GRANDE-SYNTHE;59
1679;BAILLEUL;59
1680;HAZEBROUCK;59
1681;DOUAI;59
1682;LAMBRES LEZ DOUAI;59
1683;SIN LE NOBLE;59
1684;SOMAIN;59
1685;FAUMONT;59
1686;PECQUENCOURT;59
1687;MAUBEUGE;59
1688;CAUDRY;59
1689;CAMBRAI;59
1690;RAISMES;59
1691;VALENCIENNES;59
1692;MARLY;59
1693;SAINT-AMAND-LES-EAUX;59
1694;ANZIN;59
1695;HASNON;59
1696;TRITH-ST-LEGER;59
1697;DENAIN;59
1698;BEAUVAIS;60
1699;MERU;60
1700;TRIE CHATEAU;60
1701;BORNEL;60
1702;NOAILLES;60
1703;VALDAMPIERRE;60
1704;CHAUMONT-EN-VEXIN;60
1705;LABOISSIERE EN THELLE;60
1706;ANDEVILLE;60
1707;GOINCOURT;60
1708;STE GENEVIEVE;60
1709;LOCONVILLE;60
1710;RANTIGNY;60
1711;CLERMONT;60
1712;LIANCOURT;60
1713;FITZ JAMES;60
1714;LAIGNEVILLE;60
1715;MOUY;60
1716;CREVECOEUR LE GRAND;60
1717;LA RUE ST PIERRE;60
1718;COMPIEGNE;60
1719;MARGNY LES COMPIEGNE;60
1720;CLAIROIX;60
1721;NOYON;60
1722;RIBECOURT DRESLINCOURT;60
1723;LACROIX ST OUEN;60
1724;VENETTE;60
1725;LACHELLE;60
1726;ATTICHY;60
1727;JAUX;60
1728;THOUROTTE;60
1729;LE MEUX;60
1730;CAMBRONNE LES RIBECOURT;60
1731;ST VAAST LES MELLO;60
1732;PONT STE MAXENCE;60
1733;NOGENT SUR OISE;60
1734;CIRES LES MELLO;60
1735;SAINTINES;60
1736;DIEUDONNE;60
1737;PRECY SUR OISE;60
1738;SENLIS;60
1739;CHANTILLY;60
1740;GOUVIEUX;60
1741;CREIL;60
1742;NANTEUIL LE HAUDOUIN;60
1743;VILLERS ST PAUL;60
1744;LA CHAPELLE EN SERVAL;60
1745;FLEURINES;60
1746;VERNEUIL EN HALATTE;60
1747;MONTATAIRE;60
1748;CREPY EN VALOIS;60
1749;ORRY LA VILLE;60
1750;ST MAXIMIN;60
1751;AVILLY ST LEONARD;60
1752;LAMORLAYE;60
1753;ST LEU D ESSERENT;60
1754;BETHISY ST MARTIN;60
1755;VERBERIE;60
1756;THIVERNY;60
1757;CHAMBLY;60
1758;LEVIGNEN;60
1759;BORAN SUR OISE;60
1760;BETHISY ST PIERRE;60
1761;COYE LA FORET;60
1762;VINEUIL ST FIRMIN;60
1763;LE PLESSIS BELLEVILLE;60
1764;MORTEFONTAINE;60
1765;CRAMOISY;60
1766;GOUVIEUX;60
1767;PEROY LES GOMBRIES;60
1768;NEUILLY EN THELLE;60
1769;VER SUR LAUNETTE;60
1770;GOUVIEUX;60
1771;LE MESNIL EN THELLE;60
1772;PLAILLY;60
1773;ALENCON;61
1774;FLERS;61
1775;BAGNOLES DE L'ORNE NORMANDIE;61
1776;ARRAS;62
1777;ACHICOURT;62
1778;SAINT-NICOLAS;62
1779;ELEU-DIT-LEAUWETTE;62
1780;ANZIN-SAINT-AUBIN;62
1781;BEAURAINS;62
1782;AVION;62
1783;SAINTE-CATHERINE;62
1784;NEUVILLE-ST-VAAST;62
1785;SAVY-BERLETTE;62
1786;BIACHE-SAINT-VAAST;62
1787;BETHUNE;62
1788;DIVION;62
1789;HESDIGNEUL-LES-BETHUNE;62
1790;BEUVRY;62
1791;ISBERGUES;62
1792;AIX NOULETTE;62
1793;HARNES;62
1794;CARVIN;62
1795;MONTIGNY EN GOHELLE;62
1796;WINGLES;62
1797;LENS;62
1798;LOOS EN GOHELLE;62
1799;HENIN-BEAUMONT;62
1800;WIMEREUX;62
1801;NEUFCHATEL-HARDELOT;62
1802;ST MARTIN BOULOGNE;62
1803;CALAIS;62
1804;WISSANT;62
1805;BOULOGNE SUR MER;62
1806;MARQUISE;62
1807;BERCK;62
1808;LE TOUQUET PARIS PLAGE;62
1809;CUCQ;62
1810;MERLIMONT;62
1811;AIRE-SUR-LA-LYS;62
1812;BLENDECQUES;62
1813;SAINT OMER;62
1814;LONGUENESSE;62
1815;ARQUES;62
1816;RIOM;63
1817;CHATELGUYON;63
1818;PONTGIBAUD;63
1819;THIERS;63
1820;ISSOIRE;63
1821;SAINT-NECTAIRE;63
1822;BESSE-ET-SAINT-ANASTAISE;63
1823;MONTPEYROUX;63
1824;CHASTREIX;63
1825;PAU;64
1826;BILLERE;64
1827;LONS;64
1828;BIZANOS;64
1829;SERRES CASTET;64
1830;MIOSSENS LANUSSE;64
1831;JURANCON;64
1832;IDRON;64
1833;NAVARRENX;64
1834;MOURENX;64
1835;GELOS;64
1836;SAUVAGNON;64
1837;MAZEROLLES;64
1838;ORTHEZ;64
1839;LESCAR;64
1840;RONTIGNON;64
1841;MORLAAS;64
1842;DENGUIN;64
1843;LESTELLE BETHARRAM;64
1844;OLORON SAINTE MARIE;64
1845;REBENACQ;64
1846;EAUX BONNES;64
1847;MOUMOUR;64
1848;LARUNS;64
1849;NAY;64
1850;SEVIGNACQ MEYRACQ;64
1851;ARETTE;64
1852;BAYONNE;64
1853;BIARRITZ;64
1854;ANGLET;64
1855;USTARITZ;64
1856;SAINT-JEAN-DE-LUZ;64
1857;MAULEON LICHARRE;64
1858;HENDAYE;64
1859;LAHONCE;64
1860;BASSUSSARRY;64
1861;CIBOURE;64
1862;HASPARREN;64
1863;UHART-CIZE;64
1864;SAINT-PALAIS;64
1865;LOURDES;65
1866;ARGELES-GAZOST;65
1867;CAPVERN;65
1868;TARBES;65
1869;CAUTERETS;65
1870;SAINT-LARY-SOULAN;65
1871;ARREAU;65
1872;SAILHAN;65
1873;CAMPAN;65
1874;BAGNERES-DE-BIGORRE;65
1875;BAREGES;65
1876;ESQUIEZE-SERE;65
1877;SEMEAC;65
1878;LUZ-SAINT-SAUVEUR;65
1879;GERM;65
1880;ARAGNOUET;65
1881;ADE;65
1882;VIELLE-AURE;65
1883;ARGELES SUR MER;66
1884;ELNE;66
1885;CANET EN ROUSSILLON;66
1886;SAINTE-MARIE-LA-MER;66
1887;SAINT-CYPRIEN;66
1888;PERPIGNAN;66
1889;PERPIGNAN;66
1890;TORREILLES;66
1891;LE BARCARES;66
1892;CORNEILLA DEL VERCOL;66
1893;TOULOUGES;66
1894;ALENYA;66
1895;LES ANGLES;66
1896;BOLQUERE;66
1897;AMELIE LES BAINS;66
1898;CERET;66
1899;FONT-ROMEU ODEILLO-VIA;66
1900;RIVESALTES;66
1901;PUYVALADOR;66
1902;SAINT-PAUL-DE-FENOUILLET;66
1903;FORMIGUERES;66
1904;LE BOULOU;66
1905;ALBIGNY-SUR-SAONE;69
1906;LYON 2EME;69
1907;NEUVILLE SUR SAONE;69
1908;LYON 4EME;69
1909;LYON 5EME;69
1910;LYON 9EME;69
1911;QUINCIEUX;69
1912;CALUIRE ET CUIRE;69
1913;LYON 1ER;69
1914;RILLIEUX-LA-PAPE;69
1915;FONTAINES SUR SAONE;69
1916;GENAY;69
1917;FLEURIEU-SUR-SAONE;69
1918;COUZON-AU-MONT-D OR;69
1919;SATHONAY-CAMP;69
1920;CURIS-AU-MONT-D'OR;69
1921;CAILLOUX-SUR-FONTAINES;69
1922;ROCHETAILLEE-SUR-SAONE;69
1923;SAINT-ROMAIN-AU-MONT-D OR;69
1924;MONTANAY;69
1925;SATHONAY-VILLAGE;69
1926;SAINT-GERMAIN-AU-MONT-D OR;69
1927;LYON 3EME;69
1928;LYON 7EME;69
1929;LYON 6EME;69
1930;LYON 8EME;69
1931;MEYZIEU;69
1932;SAINT-PIERRE-DE-CHANDIEU;69
1933;VILLEURBANNE;69
1934;VENISSIEUX;69
1935;DECINES-CHARPIEU;69
1936;TERNAY;69
1937;VAULX EN VELIN;69
1938;SAINT-PRIEST;69
1939;MIONS;69
1940;ST FONS;69
1941;CHASSIEU;69
1942;BRON;69
1943;CORBAS;69
1944;GENAS;69
1945;SAINT-BONNET-DE-MURE;69
1946;SEREZIN-DU-RHONE;69
1947;FEYZIN;69
1948;SAINT-LAURENT-DE-MURE;69
1949;SOLAIZE;69
1950;SAINT-SYMPHORIEN-D'OZON;69
1951;TOUSSIEU;69
1952;SAINT-GENIS-LAVAL;69
1953;OULLINS;69
1954;LA MULATIERE;69
1955;SAINTE FOY LES LYON;69
1956;SOUCIEU EN JARREST;69
1957;BRIGNAIS;69
1958;CONDRIEU;69
1959;TALUYERS;69
1960;GRIGNY;69
1961;GIVORS;69
1962;IRIGNY;69
1963;AMPUIS;69
1964;SAINT LAURENT D'AGNY;69
1965;CHARLY;69
1966;PIERRE BENITE;69
1967;VERNAISON;69
1968;SAINTE-COLOMBE;69
1969;SAINT ROMAIN EN GAL;69
1970;ECHALAS;69
1971;MONTAGNY;69
1972;MORNANT;69
1973;CHAPONOST;69
1974;VOURLES;69
1975;FRANCHEVILLE;69
1976;COLLONGES-AU-MONT- D OR;69
1977;ECULLY;69
1978;DARDILLY;69
1979;CRAPONNE;69
1980;TASSIN-LA-DEMI-LUNE;69
1981;BRINDAS;69
1982;DUERNE;69
1983;MARCY-L ETOILE;69
1984;MARCILLY-D AZERGUES;69
1985;L ARBRESLE;69
1986;CHAMPAGNE-AU-MONT-D OR;69
1987;FLEURIEUX-SUR-L ARBRESLE;69
1988;GREZIEU-LA-VARENNE;69
1989;LIMONEST;69
1990;CHARBONNIERES-LES-BAINS;69
1991;SAIN-BEL;69
1992;LENTILLY;69
1993;CHASSELAY;69
1994;BRUSSIEU;69
1995;BULLY;69
1996;SAINT CYR AU MONT D OR;69
1997;SAINT GERMAIN NUELLES;69
1998;COURZIEU;69
1999;DOMMARTIN;69
2000;POLLIONNAY;69
2001;LA TOUR DE SALVAGNY;69
2002;SAINTE-FOY-L ARGENTIERE;69
2003;SAINT-DIDIER-AU-MONT-D OR;69
2004;SAINT SYMPHORIEN SUR COISE;69
2005;THURINS;69
2006;SARCEY;69
2007;VILLEFRANCHE;69
2008;THIZY LES BOURGS;69
2009;LOZANNE;69
2010;LIMAS;69
2011;ALIX;69
2012;ARNAS;69
2013;TARARE;69
2014;GLEIZE;69
2015;SAINT GEORGES DE RENEINS;69
2016;CHARENTAY;69
2017;ANSE;69
2018;LAMURE SUR AZERGUES;69
2019;SAINT-DIDIER-SUR-BEAUJEU;69
2020;BELLEVILLE-EN-BEAUJOLAIS;69
2021;SAINT-FORGEUX;69
2022;AMPLEPUIS;69
2023;VILLE SUR JARNIOUX;69
2024;SAINT-JULIEN;69
2025;LEGNY;69
2026;VAL D'OINGT;69
2027;CERCIE;69
2028;LUCENAY;69
2029;CHESSY;69
2030;MARCY;69
2031;LUXEUIL-LES-BAINS;70
2032;HERICOURT;70
2033;LURE;70
2034;SAINT-SAUVEUR;70
2035;CHALONVILLARS;70
2036;VILLERSEXEL;70
2037;CHAGEY;70
2038;VESOUL;70
2039;NOIDANS-LES-VESOUL;70
2040;NAVENNE;70
2041;RIOZ;70
2042;PUSEY;70
2043;ECHENOZ-LA-MELINE;70
2044;ARC-LES-GRAY;70
2045;MACON;71
2046;TOURNUS;71
2047;CLUNY;71
2048;MONTCHANIN;71
2049;SAINT-DESERT;71
2050;CHALON-SUR-SAONE;71
2051;GIVRY;71
2052;SAINT-REMY;71
2053;MONTCEAU LES MINES;71
2054;SAINT VALLIER;71
2055;CHAGNY;71
2056;CHAROLLES;71
2057;PARAY LE MONIAL;71
2058;CHAUFFAILLES;71
2059;DIGOIN;71
2060;AUTUN;71
2061;LE CREUSOT;71
2062;BLANZY;71
2063;SAINT SERNIN DU BOIS;71
2064;LOUHANS;71
2065;LE MANS;72
2066;RUAUDIN;72
2067;ALLONNES;72
2068;LE MANS;72
2069;PARIGNE L EVEQUE;72
2070;MULSANNE;72
2071;MONTVAL-SUR-LOIR;72
2072;MONTFORT-LE-GESNOIS;72
2073;SAINT CALAIS;72
2074;SAINT MARS D OUTILLE;72
2075;SABLE SUR SARTHE;72
2076;NOYEN SUR SARTHE;72
2077;LA FLECHE;72
2078;AUBIGNE RACAN;72
2079;CLERMONT CREANS;72
2080;LA FERTE BERNARD;72
2081;CHAMPFLEUR;72
2082;MAMERS;72
2083;BEAUMONT SUR SARTHE;72
2084;AIX LES BAINS;73
2085;LA PLAGNE TARENTAISE;73
2086;SAINT-JEOIRE-PRIEURE;73
2087;LES BELLEVILLE;73
2088;VAL CENIS;73
2089;EPIERRE;73
2090;ALBERTVILLE;73
2091;VALLOIRE;73
2092;SAINT FRANCOIS LONGCHAMP;73
2093;VALMEINIER;73
2094;LA RAVOIRE;73
2095;BARBY;73
2096;VAL-D ISERE;73
2097;LES ALLUES;73
2098;CHAMBERY;73
2099;MONTVALEZAN;73
2100;TIGNES;73
2101;MODANE;73
2102;AUSSOIS;73
2103;BOURG-SAINT-MAURICE;73
2104;MOUXY;73
2105;AIME LA PLAGNE;73
2106;BASSENS;73
2107;HAUTELUCE;73
2108;COURCHEVEL;73
2109;SAINT-JEAN-D ARVEY;73
2110;VILLARD SUR DORON;73
2111;ENTRELACS;73
2112;VOGLANS;73
2113;TRESSERVE;73
2114;FLUMET;73
2115;LA MOTTE SERVOLEX;73
2116;PRALOGNAN-LA-VANOISE;73
2117;LES AVANCHERS VALMOREL;73
2118;BARBERAZ;73
2119;ALBIEZ-MONTROND;73
2120;GAILLARD;74
2121;LA BALME DE SILLINGY;74
2122;ANNECY;74
2123;FAVERGES-SEYTHENEX;74
2124;ANNECY;74
2125;MANIGOD;74
2126;ANNECY;74
2127;LE GRAND BORNAND;74
2128;VALLEIRY;74
2129;VEYRIER-DU-LAC;74
2130;DOUSSARD;74
2131;ANNEMASSE;74
2132;ANNECY;74
2133;NEYDENS;74
2134;ARGONAY;74
2135;RUMILLY;74
2136;VETRAZ-MONTHOUX;74
2137;MONNETIER-MORNEX;74
2138;COLLONGES-SOUS-SALEVE;74
2139;VILLE-LA-GRAND;74
2140;LUCINGES;74
2141;BONNE;74
2142;POISY;74
2143;CHENEX;74
2144;SAINT-JULIEN-EN-GENEVOIS;74
2145;LA CLUSAZ;74
2146;THONES;74
2147;ANNECY;74
2148;ALLONZIER-LA-CAILLE;74
2149;EPAGNY METZ-TESSY;74
2150;DUINGT;74
2151;COPPONEX;74
2152;ARCHAMPS;74
2153;GROISY;74
2154;VIRY;74
2155;MENTHON-SAINT-BERNARD;74
2156;CHAMONIX MONT BLANC;74
2157;VIUZ-EN-SALLAZ;74
2158;PRAZ SUR ARLY;74
2159;LA ROCHE SUR FORON;74
2160;SCIONZIER;74
2161;COMBLOUX;74
2162;THYEZ;74
2163;LES CONTAMINES MONTJOIE;74
2164;MONT-SAXONNEX;74
2165;ONNION;74
2166;SAINT GERVAIS LES BAINS;74
2167;SALLANCHES;74
2168;ARACHES LA FRASSE;74
2169;SERVOZ;74
2170;TANINGES;74
2171;LES GETS;74
2172;MEGEVE;74
2173;BONNEVILLE;74
2174;PASSY;74
2175;CLUSES;74
2176;MORILLON;74
2177;MARIGNIER;74
2178;SAMOENS;74
2179;VALLORCINE;74
2180;DEMI-QUARTIER;74
2181;CORNIER;74
2182;LES HOUCHES;74
2183;PASSY;74
2184;LA TOUR;74
2185;MIEUSSY;74
2186;AMANCY;74
2187;VERCHAIX;74
2188;SAINT-JEOIRE;74
2189;CORDON;74
2190;SAINT-PIERRE-EN-FAUCIGNY;74
2191;CONTAMINE-SUR-ARVE;74
2192;GLIERES-VAL-DE-BORNE;74
2193;MARNAZ;74
2194;EVIAN-LES-BAINS;74
2195;SAINT-PAUL-EN-CHABLAIS;74
2196;SAINT-JEAN-D'AULPS;74
2197;SAINT-ETIENNE-DU-ROUVRAY;76
2198;ROUEN;76
2199;ROUEN;76
2200;MESNIL-ESNARD (LE);76
2201;GRAND QUEVILLY (LE);76
2202;BONSECOURS;76
2203;PETIT QUEVILLY (LE);76
2204;PETIT-COURONNE (LE);76
2205;SOTTEVILLE-LES-ROUEN;76
2206;CAUDEBEC-LES-ELBEUF;76
2207;ELBEUF;76
2208;TOURVILLE-LA-RIVIERE;76
2209;SAINT PIERRE LES ELBEUF;76
2210;AMFREVILLE-LA-MIVOIE;76
2211;MONT-SAINT-AIGNAN;76
2212;MAROMME;76
2213;DARNETAL;76
2214;CANTELEU;76
2215;BARENTIN;76
2216;BOIS GUILLAUME;76
2217;SAINT-LEGER-DU-BOURG-DENIS;76
2218;DEVILLE-LES-ROUEN;76
2219;BIHOREL;76
2220;NOTRE-DAME-DE-BONDEVILLE;76
2221;VILLERS ECALLES;76
2222;DIEPPE;76
2223;ARQUES-LA-BATAILLE;76
2224;LE TREPORT;76
2225;EU;76
2226;DIEPPE;76
2227;LE HAVRE;76
2228;LE HAVRE;76
2229;LE HAVRE;76
2230;STE ADRESSE;76
2231;HARFLEUR;76
2232;MONTIVILLIERS;76
2233;GRUCHET-LE-VALASSE;76
2234;SAINT-ROMAIN-DE-COLBOSC;76
2235;SAINT-LAURENT-DE-BREVEDENT;76
2236;FECAMP;76
2237;LANQUETOT;76
2238;LILLEBONNE;76
2239;ETRETAT;76
2240;PORT-JEROME-SUR-SEINE;76
2241;GONFREVILLE L ORCHER;76
2242;MANIQUERVILLE;76
2243;BOLBEC;76
2244;BREAUTE;76
2245;FORGES-LES-EAUX;76
2246;GOURNAY-EN-BRAY;76
2247;RIVES-EN-SEINE;76
2248;SAINT-VALERY-EN-CAUX;76
2249;YVETOT;76
2250;SAINT-PIERRE-EN-PORT;76
2251;SAINT MARTIN AUX BUNEAUX;76
2252;YERVILLE;76
2253;GREMONVILLE;76
2254;SERVON;77
2255;OZOIR LA FERRIERE;77
2256;MELUN;77
2257;TOURNAN-EN-BRIE;77
2258;VAUX-LE-PENIL;77
2259;LE MEE SUR SEINE;77
2260;BRIE COMTE ROBERT;77
2261;CHAMPEAUX;77
2262;COMBS LA VILLE;77
2263;LIEUSAINT;77
2264;SAINT-FARGEAU-PONTHIERRY;77
2265;LESIGNY;77
2266;BARBIZON;77
2267;GRETZ-ARMAINVILLIERS;77
2268;REAU;77
2269;SAVIGNY-LE-TEMPLE;77
2270;NANDY;77
2271;PRESLES-EN-BRIE;77
2272;PONTAULT COMBAULT;77
2273;GUIGNES;77
2274;CHARTRETTES;77
2275;DAMMARIE LES LYS;77
2276;CESSON;77
2277;GRISY-SUISNES;77
2278;CHATELET-EN-BRIE (LE);77
2279;ROCHETTE(LA);77
2280;MACHAULT;77
2281;ROISSY-EN-BRIE;77
2282;PRINGY;77
2283;SOLERS;77
2284;MOISSY-CRAMAYEL;77
2285;MONTEREAU FAULT YONNE;77
2286;SAINT-PIERRE-LES-NEMOURS;77
2287;MONTIGNY-SUR-LOING;77
2288;FONTAINEBLEAU;77
2289;ANDREZEL;77
2290;AVON;77
2291;BOMBON;77
2292;NEMOURS;77
2293;SOIGNOLLES-EN-BRIE;77
2294;HERICY;77
2295;COUBERT;77
2296;MORET-LOING-ET-ORVANNE;77
2297;SAMOIS SUR SEINE;77
2298;NOISY-SUR-ECOLE;77
2299;CHEVRY-COSSIGNY;77
2300;EVRY-GREGY-SUR-YERRE;77
2301;CHAUMES-EN-BRIE;77
2302;CHAMPAGNE SUR SEINE;77
2303;SEINE-PORT;77
2304;FAVIERES;77
2305;MORMANT;77
2306;VOULX;77
2307;ACHERES-LA-FORET;77
2308;CHAMPDEUIL;77
2309;SOUPPES-SUR-LOING;77
2310;PONTCARRE;77
2311;SAINT-MAMMES;77
2312;SAINT-SAUVEUR-SUR-ECOLE;77
2313;SIVRY-COURTRY;77
2314;BOIS LE ROI;77
2315;SAINT-MARTIN-EN-BIERE;77
2316;REBAIS;77
2317;FONTENAY-TRESIGNY;77
2318;COULOMMIERS;77
2319;QUINCY-VOISINS;77
2320;JOUY-SUR-MORIN;77
2321;LA FERTE SOUS JOUARRE;77
2322;ESBLY;77
2323;CITRY;77
2324;CROUY-SUR-OURCQ;77
2325;MORTCERF;77
2326;ROZAY-EN-BRIE;77
2327;MARY-SUR-MARNE;77
2328;COUILLY-PONT-AUX-DAMES;77
2329;CRECY LA CHAPELLE;77
2330;BASSEVELLE;77
2331;CONDE-SAINTE-LIBIAIRE;77
2332;FERTE-GAUCHER (LA);77
2333;VILLENEUVE-SAINT-DENIS;77
2334;DOUY-LA-RAMEE;77
2335;SAINT-SIMEON;77
2336;BEAUTHEIL-SAINTS;77
2337;VILLIERS-SUR-MORIN;77
2338;JOUARRE;77
2339;CANNES-ECLUSE;77
2340;GENEVRAYE (LA);77
2341;CLAYE-SOUILLY;77
2342;MEAUX;77
2343;SAINT THIBAULT DES VIGNES;77
2344;TORCY;77
2345;CHELLES;77
2346;VILLEPARISIS;77
2347;LONGPERRIER;77
2348;BUSSY-SAINT-GEORGES;77
2349;SERRIS;77
2350;MONTEVRAIN;77
2351;NOISIEL;77
2352;ANNET-SUR-MARNE;77
2353;POMPONNE;77
2354;COLLEGIEN;77
2355;VARREDDES;77
2356;LAGNY-SUR-MARNE;77
2357;CHAMPS-SUR-MARNE;77
2358;EMERAINVILLE;77
2359;BUSSY-SAINT-MARTIN;77
2360;SAINT-PATHUS;77
2361;DAMMARTIN-EN-GOELE;77
2362;VAIRES SUR MARNE;77
2363;LOGNES;77
2364;CHANTELOUP EN BRIE;77
2365;MAGNY-LE-HONGRE;77
2366;COUPVRAY;77
2367;VILLENOY;77
2368;THORIGNY SUR MARNE;77
2369;BAILLY-ROMAINVILLIERS;77
2370;LE PIN;77
2371;CREGY-LES-MEAUX;77
2372;CHESSY;77
2373;VILLENEUVE SOUS DAMMARTIN;77
2374;BROU-SUR-CHANTEREINE;77
2375;VILLEVAUDE;77
2376;FERRIERES-EN-BRIE;77
2377;MITRY MORY;77
2378;NANTEUIL-LES-MEAUX;77
2379;DAMPMART;77
2380;NANTOUILLET;77
2381;CHARMENTRAY;77
2382;TRILPORT;77
2383;SAINT-MARD;77
2384;SAINT-SOUPPLETS;77
2385;OISSERY;77
2386;OTHIS;77
2387;JOSSIGNY;77
2388;COURTRY;77
2389;CROISSY-BEAUBOURG;77
2390;TRILBARDOU;77
2391;GOUVERNES;77
2392;POINCY;77
2393;CARNETIN;77
2394;CHAUCONIN-NEUFMONTIERS;77
2395;GUERMANTES;77
2396;CHAMBRY;77
2397;MESSY;77
2398;THIEUX;77
2399;ISLES-LES-VILLENOY;77
2400;PROVINS;77
2401;GASTINS;77
2402;NANGIS;77
2403;MOUY-SUR-SEINE;77
2404;ORMES-SUR-VOULZIE (LES);77
2405;MOUSSEAUX-LES-BRAY;77
2406;MAISON-ROUGE;77
2407;VERSAILLES;78
2408;SAINT-CYR-L ECOLE;78
2409;BOIS D ARCY;78
2410;VIROFLAY;78
2411;MONTIGNY LE BRETONNEUX;78
2412;VELIZY VILLACOUBLAY;78
2413;TRAPPES;78
2414;GUYANCOURT;78
2415;FONTENAY LE FLEURY;78
2416;LE CHESNAY-ROCQUENCOURT;78
2417;JOUY EN JOSAS;78
2418;BUC;78
2419;CHATEAUFORT;78
2420;MARLY-LE-ROI;78
2421;VESINET (LE);78
2422;PLAISIR;78
2423;CLAYES-SOUS-BOIS (LES);78
2424;MAISONS-LAFFITTE;78
2425;SARTROUVILLE;78
2426;LOUVECIENNES;78
2427;CROISSY SUR SEINE;78
2428;CARRIERES SUR SEINE;78
2429;HOUILLES;78
2430;ETANG-LA-VILLE (L );78
2431;CHATOU;78
2432;VILLEPREUX;78
2433;PORT-MARLY (LE);78
2434;MONTESSON;78
2435;MESNIL-LE-ROI (LE);78
2436;BOUGIVAL;78
2437;CELLE-SAINT-CLOUD (LA);78
2438;NOISY LE ROI;78
2439;SAINT-NOM-LA-BRETECHE;78
2440;CHAVENAY;78
2441;BAILLY;78
2442;FEUCHEROLLES;78
2443;CONFLANS SAINTE HONORINE;78
2444;MAURECOURT;78
2445;PECQ (LE);78
2446;ANDRESY;78
2447;SAINT-GERMAIN-EN-LAYE;78
2448;ORGEVAL;78
2449;MAULE;78
2450;POISSY;78
2451;TRIEL SUR SEINE;78
2452;MEULAN-EN-YVELINES;78
2453;CARRIERES SOUS POISSY;78
2454;VERNEUIL SUR SEINE;78
2455;MUREAUX (LES);78
2456;ACHERES;78
2457;MAREIL-MARLY;78
2458;VILLENNES-SUR-SEINE;78
2459;VERNOUILLET;78
2460;AUBERGENVILLE;78
2461;BOUAFLE;78
2462;CHANTELOUP-LES-VIGNES;78
2463;MORAINVILLIERS;78
2464;ECQUEVILLY;78
2465;SAINT-GERMAIN-EN-LAYE;78
2466;VAUX-SUR-SEINE;78
2467;MEZY-SUR-SEINE;78
2468;CHAMBOURCY;78
2469;CRESPIERES;78
2470;NEZEL;78
2471;FLINS-SUR-SEINE;78
2472;EPONE;78
2473;MANTES-LA-JOLIE;78
2474;BUCHELAY;78
2475;MEZIERES-SUR-SEINE;78
2476;MANTES-LA-VILLE;78
2477;HOUDAN;78
2478;FONTENAY-SAINT-PERE;78
2479;LIMAY;78
2480;ISSOU;78
2481;FRENEUSE;78
2482;MAULETTE;78
2483;PERDREAUVILLE;78
2484;BENNECOURT;78
2485;GARGENVILLE;78
2486;SEPTEUIL;78
2487;RICHEBOURG;78
2488;BONNIERES-SUR-SEINE;78
2489;LIMETZ-VILLEZ;78
2490;GUERVILLE;78
2491;JUZIERS;78
2492;SAINT-MARTIN-DES-CHAMPS;78
2493;MAGNANVILLE;78
2494;ORVILLIERS;78
2495;MAUREPAS;78
2496;ELANCOURT;78
2497;CERNAY-LA-VILLE;78
2498;MESNIL-SAINT-DENIS (LE);78
2499;MAGNY-LES-HAMEAUX;78
2500;RAMBOUILLET;78
2501;SAINT-LEGER-EN-YVELINES;78
2502;ESSARTS-LE-ROI (LES);78
2503;BEYNES;78
2504;THOIRY;78
2505;JOUARS-PONTCHARTRAIN;78
2506;GALLUIS;78
2507;SAINT-GERMAIN-DE-LA-GRANGE;78
2508;NEAUPHLE-LE-CHATEAU;78
2509;CHEVREUSE;78
2510;SAINT-ARNOULT-EN-YVELINES;78
2511;MAREIL-LE-GUYON;78
2512;MESNULS (LES);78
2513;SAINT-REMY-LES-CHEVREUSE;78
2514;VOISINS-LE-BRETONNEUX;78
2515;QUEUE-LES-YVELINES (LA);78
2516;GAZERAN;78
2517;COIGNIERES;78
2518;MONTFORT-L AMAURY;78
2519;BULLION;78
2520;VILLIERS-SAINT-FREDERIC;78
2521;PERRAY-EN-YVELINES (LE);78
2522;TREMBLAY-SUR-MAULDRE (LE);78
2523;BONNELLES;78
2524;VERRIERE (LA);78
2525;ROCHEFORT-EN-YVELINES;78
2526;DAMPIERRE-EN-YVELINES;78
2527;PARTHENAY;79
2528;NIORT;79
2529;EXIREUIL;79
2530;CHAURAY;79
2531;ST MAIXENT L ECOLE;79
2532;LES FORGES;79
2533;BRESSUIRE;79
2534;FRONTENAY-ROHAN-ROHAN;79
2535;AMIENS;80
2536;AMIENS;80
2537;LONGUEAU;80
2538;SAINT-FUSCIEN;80
2539;AMIENS;80
2540;CORBIE;80
2541;CAMON;80
2542;PLACHY-BUYON;80
2543;FORT-MAHON-PLAGE;80
2544;LE CROTOY;80
2545;CAYEUX-SUR-MER;80
2546;DOULLENS;80
2547;QUEND;80
2548;FRIVILLE-ESCARBOTIN;80
2549;MERS-LES-BAINS;80
2550;AULT;80
2551;ABBEVILLE;80
2552;WOIGNARUE;80
2553;SAINT-VALERY-SUR-SOMME;80
2554;ROYE;80
2555;MEHARICOURT;80
2556;AILLY-SUR-NOYE;80
2557;ALBERT;80
2558;PERONNE;80
2559;ALBI;81
2560;LISLE-SUR-TARN;81
2561;SAINT JUERY;81
2562;CASTRES;81
2563;MAZAMET;81
2564;SAINT-SULPICE-LA-POINTE;81
2565;MOISSAC;82
2566;MONTAUBAN;82
2567;LA VILLE DIEU DU TEMPLE;82
2568;CASTELSARRASIN;82
2569;BEAUMONT DE LOMAGNE;82
2570;ST-ETIENNE-DE-TULMONT;82
2571;MONTECH;82
2572;MONTBETON;82
2573;VERDUN-SUR-GARONNE;82
2574;CAUSSADE;82
2575;SAINT ANTONIN NOBLE VAL;82
2576;GRISOLLES;82
2577;FREJUS;83
2578;DRAGUIGNAN;83
2579;GRIMAUD;83
2580;SAINT RAPHAEL;83
2581;COGOLIN;83
2582;SAINT TROPEZ;83
2583;ROQUEBRUNE-SUR-ARGENS;83
2584;LA CROIX VALMER;83
2585;SAINTE MAXIME;83
2586;ROQUEBRUNE-SUR-ARGENS;83
2587;LE MUY;83
2588;PUGET-SUR-ARGENS;83
2589;RAMATUELLE;83
2590;SAINT RAPHAEL;83
2591;CAVALAIRE-SUR-MER;83
2592;FREJUS;83
2593;LES ADRETS DE L ESTEREL;83
2594;BAGNOLS-EN-FORET;83
2595;ENTRECASTEAUX;83
2596;CALLIAN;83
2597;BRIGNOLES;83
2598;FAYENCE;83
2599;SEILLANS;83
2600;LORGUES;83
2601;BARJOLS;83
2602;MONTAUROUX;83
2603;TOURVES;83
2604;GAREOULT;83
2605;BARGEMON;83
2606;CLAVIERS;83
2607;LE CANNET DES MAURES;83
2608;TOURRETTES;83
2609;GONFARON;83
2610;LES ARCS;83
2611;RIANS;83
2612;ROCBARON;83
2613;LE LUC;83
2614;MONTFORT SUR ARGENS;83
2615;SALERNES;83
2616;VIDAUBAN;83
2617;CABASSE;83
2618;ROUGIERS;83
2619;MONTFERRAT;83
2620;TOURTOUR;83
2621;ST MAXIMIN LA STE BAUME;83
2622;LA GARDE;83
2623;LA SEYNE SUR MER;83
2624;TOULON;83
2625;TOULON;83
2626;SIX-FOURS-LES-PLAGES;83
2627;LA VALETTE DU VAR;83
2628;LE PRADET;83
2629;TOULON;83
2630;SAINT-MANDRIER-SUR-MER;83
2631;LE REVEST LES EAUX;83
2632;LE LAVANDOU;83
2633;CARQUEIRANNE;83
2634;BANDOL;83
2635;SANARY SUR MER;83
2636;SOLLIES-PONT;83
2637;HYERES;83
2638;LE BEAUSSET;83
2639;SAINT-CYR-SUR-MER;83
2640;LA LONDE LES MAURES;83
2641;LA CADIERE D AZUR;83
2642;OLLIOULES;83
2643;BORMES-LES-MIMOSAS;83
2644;LA FARLEDE;83
2645;LA CRAU;83
2646;PUGET-VILLE;83
2647;CUERS;83
2648;EVENOS;83
2649;PIERREFEU-DU-VAR;83
2650;BELGENTIER;83
2651;SOLLIES-VILLE;83
2652;SOLLIES-TOUCAS;83
2653;CARNOULES;83
2654;SIGNES;83
2655;LE CASTELLET;83
2656;COLLOBRIERES;83
2657;CARPENTRAS;84
2658;AVIGNON;84
2659;MONTEUX;84
2660;AVIGNON;84
2661;BEDOIN;84
2662;SORGUES;84
2663;LE PONTET;84
2664;MORIERES LES AVIGNON;84
2665;PERNES LES FONTAINES;84
2666;BEDARRIDES;84
2667;SARRIANS;84
2668;VEDENE;84
2669;COURTHEZON;84
2670;AUBIGNAN;84
2671;ENTRAIGUES-SUR-LA-SORGUE;84
2672;CAROMB;84
2673;MALEMORT-DU-COMTAT;84
2674;VILLELAURE;84
2675;APT;84
2676;L ISLE SUR LA SORGUE;84
2677;PERTUIS;84
2678;LAURIS;84
2679;CAVAILLON;84
2680;LE THOR;84
2681;LA TOUR D AIGUES;84
2682;SAUMANE-DE-VAUCLUSE;84
2683;VIENS;84
2684;SAINT-SATURNIN LES APT;84
2685;CHATEAUNEUF-DE-GADAGNE;84
2686;LA BASTIDE DES JOURDANS;84
2687;MERINDOL;84
2688;ORANGE;84
2689;SAINTE-CECILE-LES-VIGNES;84
2690;BOLLENE;84
2691;JONQUIERES;84
2692;VACQUEYRAS;84
2693;VAISON-LA-ROMAINE;84
2694;VISAN;84
2695;BARROUX (LE);84
2696;MORNAS;84
2697;MALAUCENE;84
2698;BEAUMES-DE-VENISE;84
2699;CHATEAUNEUF-DU-PAPE;84
2700;SERIGNAN-DU-COMTAT;84
2701;ROCHE SUR YON (LA);85
2702;SAINT-PHILBERT-DE-BOUAINE;85
2703;ESSARTS EN BOCAGE;85
2704;MONTAIGU-VENDEE;85
2705;CHANTONNAY;85
2706;BROUZILS (LES);85
2707;ROCHESERVIERE;85
2708;SAINT-FULGENT;85
2709;HERBIERS (LES);85
2710;MORTAGNE-SUR-SEVRE;85
2711;FONTENAY-LE-COMTE;85
2712;LUCON;85
2713;AIGUILLON-SUR-MER (L );85
2714;LONGEVILLE-SUR-MER;85
2715;TALMONT-SAINT-HILAIRE;85
2716;BRETIGNOLLES-SUR-MER;85
2717;SAINT-HILAIRE-DE-RIEZ;85
2718;SABLES-D'OLONNE (LES);85
2719;SABLES-D'OLONNE (LES);85
2720;SAINT-GILLES-CROIX-DE-VIE;85
2721;FAUTE-SUR-MER (LA);85
2722;TRANCHE-SUR-MER (LA);85
2723;JARD-SUR-MER;85
2724;SABLES-D'OLONNE (LES);85
2725;SAINT-VINCENT-SUR-JARD;85
2726;VAIRE;85
2727;LES ACHARDS;85
2728;CHALLANS;85
2729;BEAUVOIR-SUR-MER;85
2730;NOIRMOUTIER-EN-L'ILE;85
2731;SAINT-JEAN-DE-MONTS;85
2732;NOTRE-DAME-DE-MONTS;85
2733;BARBATRE;85
2734;BARRE-DE-MONTS (LA);85
2735;POITIERS;86
2736;CHASSENEUIL-DU-POITOU;86
2737;MIGNALOUX-BEAUVOIR;86
2738;FONTAINE-LE-COMTE;86
2739;BUXEROLLES;86
2740;CHATELLERAULT;86
2741;LA ROCHE POSAY;86
2742;BOURESSE;86
2743;CHAUVIGNY;86
2744;ISLE;87
2745;LIMOGES;87
2746;LIMOGES;87
2747;ST YRIEIX LA PERCHE;87
2748;ST-LEONARD-DE-NOBLAT;87
2749;BESSINES-SUR-GARTEMPE;87
2750;LIMOGES;87
2751;COUZEIX;87
2752;GOLBEY;88
2753;EPINAL;88
2754;HADOL;88
2755;DARNIEULLES;88
2756;VITTEL;88
2757;CAPAVENIR VOSGES;88
2758;DAMAS-ET-BETTEGNEY;88
2759;CHANTRAINE;88
2760;DEYVILLERS;88
2761;LONGCHAMP;88
2762;CONTREXEVILLE;88
2763;MIRECOURT;88
2764;NEUFCHATEAU;88
2765;CHENIMENIL;88
2766;PIERREFITTE;88
2767;LES FORGES;88
2768;GIRANCOURT;88
2769;LIFFOL-LE-GRAND;88
2770;LAVELINE-DEVANT-BRUYERES;88
2771;RAMBERVILLERS;88
2772;JEUXEY;88
2773;FRAIZE;88
2774;PLAINFAING;88
2775;RAON L ETAPE;88
2776;XONRUPT-LONGEMER;88
2777;GERARDMER;88
2778;PAIR-ET-GRANDRUPT;88
2779;SAINT DIE DES VOSGES;88
2780;SAINTE-MARGUERITE;88
2781;SAULCY-SUR-MEURTHE;88
2782;MOYENMOUTIER;88
2783;GERBEPAL;88
2784;LA FORGE;88
2785;VENTRON;88
2786;BUSSANG;88
2787;LA BRESSE;88
2788;REMIREMONT;88
2789;RAMONCHAMP;88
2790;RUPT-SUR-MOSELLE;88
2791;SAINT-NABORD;88
2792;LE THILLOT;88
2793;VAGNEY;88
2794;SAPOIS;88
2795;CORNIMONT;88
2796;ST-ETIENNE-LES-REMIREMONT;88
2797;POUXEUX;88
2798;AUXERRE;89
2799;ST GEORGES SUR BAULCHE;89
2800;TONNERRE;89
2801;CHEVANNES;89
2802;VENOY;89
2803;MONTREAL;89
2804;AVALLON;89
2805;VILLENEUVE SUR YONNE;89
2806;PARON;89
2807;ST CLEMENT;89
2808;SENS;89
2809;SAVIGNY SUR CLAIRIS;89
2810;ST VALERIEN;89
2811;MALAY LE GRAND;89
2812;THORIGNY-SUR-OREUSE;89
2813;CHEROY;89
2814;BELFORT;90
2815;OFFEMONT;90
2816;BEAUCOURT;90
2817;BONDOUFLE;91
2818;CORBEIL ESSONNES;91
2819;BOUSSY-SAINT-ANTOINE;91
2820;BRUNOY;91
2821;EVRY-COURCOURONNES;91
2822;ETIOLLES;91
2823;MENNECY;91
2824;VILLABE;91
2825;YERRES;91
2826;COUDRAY-MONTCEAUX (LE);91
2827;BALLANCOURT-SUR-ESSONNE;91
2828;SAINT-PIERRE-DU-PERRAY;91
2829;DRAVEIL;91
2830;VARENNES-JARCY;91
2831;CROSNE;91
2832;MONTGERON;91
2833;SOISY-SUR-SEINE;91
2834;VIGNEUX SUR SEINE;91
2835;FONTENAY-LE-VICOMTE;91
2836;SAINT-GERMAIN-LES-CORBEIL;91
2837;LISSES;91
2838;SAINTRY-SUR-SEINE;91
2839;RIS-ORANGIS;91
2840;VERT LE PETIT;91
2841;EPINAY-SOUS-SENART;91
2842;QUINCY-SOUS-SENART;91
2843;EVRY-COURCOURONNES;91
2844;ORMOY;91
2845;TIGERY;91
2846;CHAMPCUEIL;91
2847;VERT LE GRAND;91
2848;SAVIGNY-SUR-ORGE;91
2849;ATHIS MONS;91
2850;JUVISY SUR ORGE;91
2851;SAINTE-GENEVIEVE-DES-BOIS;91
2852;LONGJUMEAU;91
2853;MASSY;91
2854;MORANGIS;91
2855;WISSOUS;91
2856;CHILLY MAZARIN;91
2857;SAULX-LES-CHARTREUX;91
2858;BALLAINVILLIERS;91
2859;VIRY CHATILLON;91
2860;VILLIERS-SUR-ORGE;91
2861;MORSANG-SUR-ORGE;91
2862;GRIGNY;91
2863;VILLEMOISSON-S-ORGE;91
2864;PARAY-VIEILLE-POSTE;91
2865;EPINAY SUR ORGE;91
2866;CHAMPLAN;91
2867;FLEURY-MEROGIS;91
2868;SAINT-MICHEL-SUR-ORGE;91
2869;MONTLHERY;91
2870;LINAS;91
2871;BRETIGNY SUR ORGE;91
2872;CHEPTAINVILLE;91
2873;ARPAJON;91
2874;SAINT-VRAIN;91
2875;EGLY;91
2876;LONGPONT-SUR-ORGE;91
2877;LA NORVILLE;91
2878;BRUYERES-LE-CHATEL;91
2879;SAINT-GERMAIN-LES-ARPAJON;91
2880;OLLAINVILLE;91
2881;LEUVILLE-SUR-ORGE;91
2882;LE PLESSIS PATE;91
2883;LEUDEVILLE;91
2884;MAROLLES-EN-HUREPOIX;91
2885;ETAMPES;91
2886;BOUTIGNY-SUR-ESSONNE;91
2887;BOISSY-SOUS-SAINT-YON;91
2888;ORMOY-LA-RIVIERE;91
2889;ETRECHY;91
2890;SOISY-SUR-ECOLE;91
2891;DOURDAN;91
2892;SACLAS;91
2893;MILLY-LA-FORET;91
2894;PUSSAY;91
2895;ROINVILLE-SOUS-DOURDAN;91
2896;BAULNE;91
2897;CORBREUSE;91
2898;FERTE-ALAIS (LA);91
2899;CERNY;91
2900;MORIGNY-CHAMPIGNY;91
2901;GUIGNEVILLE;91
2902;LARDY;91
2903;D   HUISON LONGUEVILLE;91
2904;BOURAY-SUR-JUINE;91
2905;COURANCES;91
2906;BREUILLET;91
2907;BRIERES-LES-SCELLES;91
2908;MAISSE;91
2909;VAL-SAINT-GERMAIN (LE);91
2910;SAINT-CYR-SOUS-DOURDAN;91
2911;ITTEVILLE;91
2912;SAINT-YON;91
2913;CHAMARANDE;91
2914;VAYRES-SUR-ESSONNE;91
2915;BOISSY-LE-CUTTE;91
2916;VILLENEUVE-SUR-AUVERS;91
2917;ANGERVILLIERS;91
2918;ANGERVILLE;91
2919;MARCOUSSIS;91
2920;BRIIS-SOUS-FORGES;91
2921;ORSAY;91
2922;GIF SUR YVETTE;91
2923;PALAISEAU;91
2924;FORGES-LES-BAINS;91
2925;LES ULIS;91
2926;BIEVRES;91
2927;NOZAY;91
2928;BURES SUR YVETTE;91
2929;LIMOURS;91
2930;IGNY;91
2931;VERRIERES LE BUISSON;91
2932;VILLE-DU-BOIS (LA);91
2933;VILLEBON SUR YVETTE;91
2934;VAUGRIGNEUSE;91
2935;GOMETZ-LA-VILLE;91
2936;VILLIERS-LE-BACLE;91
2937;GOMETZ-LE-CHATEL;91
2938;VILLEJUST;91
2939;SAINT-JEAN-DE-BEAUREGARD;91
2940;SACLAY;91
2941;PUTEAUX;92
2942;RUEIL-MALMAISON;92
2943;SURESNES;92
2944;NANTERRE;92
2945;COURBEVOIE;92
2946;BOIS-COLOMBES;92
2947;LA GARENNE-COLOMBES;92
2948;ASNIERES-SUR-SEINE;92
2949;GENNEVILLIERS;92
2950;COLOMBES;92
2951;VILLENEUVE-LA-GARENNE;92
2952;LEVALLOIS-PERRET;92
2953;CLICHY;92
2954;NEUILLY-SUR-SEINE;92
2955;BOULOGNE-BILLANCOURT;92
2956;VAUCRESSON;92
2957;GARCHES;92
2958;SAINT-CLOUD;92
2959;MEUDON;92
2960;SEVRES;92
2961;BOULOGNE-BILLANCOURT;92
2962;MEUDON;92
2963;VILLE-D'AVRAY;92
2964;CHAVILLE;92
2965;CHATENAY-MALABRY;92
2966;BOURG-LA-REINE;92
2967;ISSY-LES-MOULINEAUX;92
2968;MONTROUGE;92
2969;FONTENAY-AUX-ROSES;92
2970;CLAMART;92
2971;ANTONY;92
2972;VANVES;92
2973;SCEAUX;92
2974;LE PLESSIS-ROBINSON;92
2975;CHATILLON;92
2976;BAGNEUX;92
2977;MALAKOFF;92
2978;LE PRE-SAINT-GERVAIS;93
2979;ROMAINVILLE;93
2980;LES LILAS;93
2981;BAGNOLET;93
2982;NOISY-LE-SEC;93
2983;BOBIGNY;93
2984;LES PAVILLONS-SOUS-BOIS;93
2985;DRANCY;93
2986;BONDY;93
2987;PANTIN;93
2988;SAINT-OUEN-SUR-SEINE;93
2989;AUBERVILLIERS;93
2990;SAINT-DENIS;93
2991;LA COURNEUVE;93
2992;EPINAY SUR SEINE;93
2993;SAINT-DENIS;93
2994;PIERREFITTE-SUR-SEINE;93
2995;STAINS;93
2996;LE BOURGET;93
2997;VILLETANEUSE;93
2998;L'ILE-SAINT-DENIS;93
2999;DUGNY;93
3000;VAUJOURS;93
3001;TREMBLAY-EN-FRANCE;93
3002;COUBRON;93
3003;SEVRAN;93
3004;CLICHY SOUS BOIS;93
3005;LIVRY-GARGAN;93
3006;AULNAY SOUS BOIS;93
3007;VILLEPINTE;93
3008;LE BLANC-MESNIL;93
3009;NEUILLY-SUR-MARNE;93
3010;NEUILLY-PLAISANCE;93
3011;GAGNY;93
3012;NOISY-LE-GRAND;93
3013;GOURNAY SUR MARNE;93
3014;LE RAINCY;93
3015;MONTFERMEIL;93
3016;MONTREUIL;93
3017;ROSNY-SOUS-BOIS;93
3018;VILLEMOMBLE;93
3019;ST MAURICE;94
3020;SAINT-MAUR-DES-FOSSES;94
3021;SAINT-MAUR-DES-FOSSES;94
3022;JOINVILLE-LE-PONT;94
3023;ALFORTVILLE;94
3024;MAISONS-ALFORT;94
3025;CHARENTON-LE-PONT;94
3026;CRETEIL;94
3027;BONNEUIL-SUR-MARNE;94
3028;IVRY-SUR-SEINE;94
3029;CACHAN;94
3030;LE KREMLIN-BICETRE;94
3031;VILLEJUIF;94
3032;FRESNES;94
3033;CHOISY-LE-ROI;94
3034;VITRY-SUR-SEINE;94
3035;THIAIS;94
3036;L'HAY-LES-ROSES;94
3037;ORLY;94
3038;CHEVILLY-LARUE;94
3039;RUNGIS;94
3040;GENTILLY;94
3041;ARCUEIL;94
3042;VILLENEUVE-SAINT-GEORGES;94
3043;PERIGNY;94
3044;BOISSY-SAINT-LEGER;94
3045;VALENTON;94
3046;CHENNEVIERES SUR MARNE;94
3047;LA QUEUE-EN-BRIE;94
3048;VILLIERS-SUR-MARNE;94
3049;SUCY-EN-BRIE;94
3050;LIMEIL-BREVANNES;94
3051;VILLECRESNES;94
3052;ABLON-SUR-SEINE;94
3053;LE PLESSIS-TREVISE;94
3054;MANDRES-LES-ROSES;94
3055;VILLENEUVE-LE-ROI;94
3056;NOISEAU;94
3057;SANTENY;94
3058;ORMESSON-SUR-MARNE;94
3059;MAROLLES-EN-BRIE;94
3060;NOGENT-SUR-MARNE;94
3061;VINCENNES;94
3062;BRY-SUR-MARNE;94
3063;SAINT-MANDE;94
3064;FONTENAY-SOUS-BOIS;94
3065;LE PERREUX-SUR-MARNE;94
3066;CHAMPIGNY-SUR-MARNE;94
3067;PONTOISE;95
3068;MENUCOURT;95
3069;ERAGNY-SUR-OISE;95
3070;ST OUEN L AUMONE;95
3071;NOINTEL;95
3072;AUVERS-SUR-OISE;95
3073;L'ISLE-ADAM;95
3074;CERGY;95
3075;PIERRELAYE;95
3076;JOUY-LE-MOUTIER;95
3077;OSNY;95
3078;CERGY;95
3079;BEAUMONT-SUR-OISE;95
3080;MERIEL;95
3081;MERY-SUR-OISE;95
3082;PARMAIN;95
3083;CORMEILLES-EN-VEXIN;95
3084;COURDIMANCHE;95
3085;MAGNY-EN-VEXIN;95
3086;VAUREAL;95
3087;PONTOISE;95
3088;CHAMPAGNE SUR-OISE;95
3089;CHARS;95
3090;ENNERY;95
3091;PERSAN;95
3092;BOISSY-L'AILLERIE;95
3093;MARINES;95
3094;VILLIERS-ADAM;95
3095;VALMONDOIS;95
3096;LA ROCHE-GUYON;95
3097;GENAINVILLE;95
3098;BRUYERES-SUR-OISE;95
3099;LABBEVILLE;95
3100;VETHEUIL;95
3101;GOUSSAINVILLE;95
3102;BELLOY-EN-FRANCE;95
3103;GONESSE;95
3104;DOMONT;95
3105;ARNOUVILLE;95
3106;ROISSY-EN-FRANCE;95
3107;SAINT-BRICE-SOUS-FORET;95
3108;GARGES-LES-GONESSE;95
3109;ECOUEN;95
3110;LE THILLAY;95
3111;SARCELLES;95
3112;MONTSOULT;95
3113;SAINT-WITZ;95
3114;EZANVILLE;95
3115;BOUFFEMONT;95
3116;MAFFLIERS;95
3117;BAILLET-EN-FRANCE;95
3118;LOUVRES;95
3119;FOSSES;95
3120;VILLIERS-LE-BEL;95
3121;LUZARCHES;95
3122;VILLERON;95
3123;VEMARS;95
3124;VIARMES;95
3125;BONNEUIL-EN-FRANCE;95
3126;SURVILLIERS;95
3127;MOISSELLES;95
3128;ASNIERES-SUR-OISE;95
3129;PUISEUX-EN-FRANCE;95
3130;FONTENAY-EN-PARISIS;95
3131;CHAUMONTEL;95
3132;SEUGY;95
3133;MONTMORENCY;95
3134;ERMONT;95
3135;EAUBONNE;95
3136;FRANCONVILLE LA GARENNE;95
3137;PLESSIS-BOUCHARD (LE);95
3138;FREPILLON;95
3139;TAVERNY;95
3140;ENGHIEN LES BAINS;95
3141;ST LEU LA FORET;95
3142;ST GRATIEN;95
3143;DEUIL LA BARRE;95
3144;BEAUCHAMP;95
3145;GROSLAY;95
3146;BESSANCOURT;95
3147;SAINT-PRIX;95
3148;MARGENCY;95
3149;SOISY SS MONTMORENCY;95
3150;MONTMAGNY;95
3151;MONTLIGNON;95
3152;ANDILLY;95
3153;SANNOIS;95
3154;HERBLAY-SUR-SEINE;95
3155;ARGENTEUIL;95
3156;MONTIGNY LES CORMEILLES;95
3157;BEZONS;95
3158;LA FRETTE-SUR-SEINE;95
3159;CORMEILLES-EN-PARISIS;95
3160;SAINT MARTIN;971
3161;SAINTE ANNE;972
3162;SCHOELCHER;972
3163;MARIN;972
3164;FORT DE FRANCE;972
3165;TROIS ILETS;972
3166;CASE PILOTE;972
3167;DUCOS;972
3168;LE LAMENTIN;972
3169;DIAMANT;972
3170;VAUCLIN;972
3171;SAINT JOSEPH;972
3172;SAINTE LUCE;972
3173;FORT DE FRANCE;972
3174;FRANCOIS;972
3175;ROBERT;972
3176;AJOUPA BOUILLON;972
3177;TRINITE;972
3178;GROS MORNE;972
3179;CAYENNE;973
3180;REMIRE MONTJOLY;973
3181;KOUROU;973
3182;MATOURY;973
3183;SAINT LAURENT DU MARONI;973
3184;SAINTE MARIE;974
3185;SAINT DENIS;974
3186;SAINT DENIS;974
3187;SAINT DENIS;974
3188;SAINT-PAUL;974
3189;SAINT-PAUL;974
3190;SAINT-BENOIT;974
3191;SAINT-ANDRE;974
3192;LA POSSESSION;974
3193;SAINT PIERRE;974
3194;SAINT-LEU;974
3195;PARIS 03;75
3196;PARIS 01;75
3197;PARIS 08;75
3198;PARIS 06;75
3199;PARIS 07;75
3200;PARIS 05;75
3201;PARIS 10;75
3202;PARIS 09;75
3203;PARIS 11;75
3204;PARIS 12;75
3205;PARIS 13;75
3206;PARIS 14;75
3207;PARIS 15;75
3208;PARIS 16;75
3209;PARIS 17;75
3210;PARIS 18;75
3211;PARIS 20;75
3212;PARIS 19;75
3213;PARIS 04;75
3214;PARIS 02;75
